{
    "criteria": {
      "arrow_shot": {
        "trigger": "minecraft:entity_hurt_player",
        "conditions": {
          "damage": {
            "type": {
              "tags": [
                {
                  "id": "minecraft:is_projectile",
                  "expected": true
                }
              ],
              "source_entity": {
                "type": "minecraft:player"
              },
              "direct_entity": {
                "type": "#minecraft:arrows"
              }
            }
          }
        }
      }
    },
    "rewards": {
      "function": "conk_uhc:events/arrow_shot"
    }
  }
  