{
    "criteria": {
      "shoot_arrow": {
        "trigger": "minecraft:player_hurt_entity",
        "conditions": {
          "damage": {
            "type": {
              "tags": [
                {
                  "id": "minecraft:is_projectile",
                  "expected": true
                }
              ],
              "direct_entity": {
                "type": "#minecraft:arrows"
              }
            }
          },
          "entity": {
            "type": "minecraft:player"
          }
        }
      }
    },
    "rewards": {
      "function": "conk_uhc:events/arrow_shoot"
    }
}