{
    "type": "minecraft:fishing",
    "pools": [
        {
            "rolls": 1,
            "bonus_rolls": 0,
            "entries": [
                {
                    "type": "minecraft:item",
                    "name": "minecraft:potion",
                    "functions": [
                        {
                            "function": "minecraft:set_potion",
                            "id": "minecraft:luck"
                        }
                    ]
                },
                {
                    "type": "minecraft:item",
                    "name": "minecraft:barrel",
                    "functions": [
                        {
                            "function": "minecraft:set_name",
                            "name": "Old Barrel"
                        },
                        {
                            "function": "minecraft:set_loot_table",
                            "type": "minecraft:barrel",
                            "name": "conk_uhc:blocks/fishing_barrel"
                        }
                    ]
                },
                {
                    "type": "minecraft:item",
                    "name": "minecraft:iron_sword",
                    "functions": [
                        {
                            "function": "minecraft:set_damage",
                            "damage": {
                                "type": "minecraft:uniform",
                                "min": 0,
                                "max": 0.25
                            },
                            "add": false
                        },
                        {
                            "function": "minecraft:enchant_with_levels",
                            "levels": 30,
                            "treasure": true
                        }
                    ]
                },
                {
                    "type": "minecraft:item",
                    "name": "minecraft:bow",
                    "functions": [
                        {
                            "function": "minecraft:set_damage",
                            "damage": {
                                "type": "minecraft:uniform",
                                "min": 0,
                                "max": 0.25
                            },
                            "add": false
                        },
                        {
                            "function": "minecraft:enchant_with_levels",
                            "levels": 30,
                            "treasure": true
                        }
                    ]
                },
                {
                    "type": "minecraft:item",
                    "name": "minecraft:fishing_rod",
                    "functions": [
                        {
                            "function": "minecraft:set_damage",
                            "damage": {
                                "type": "minecraft:uniform",
                                "min": 0,
                                "max": 0.25
                            },
                            "add": false
                        },
                        {
                            "function": "minecraft:enchant_with_levels",
                            "levels": 30,
                            "treasure": true
                        }
                    ]
                },
                {
                    "type": "minecraft:item",
                    "name": "minecraft:book",
                    "functions": [
                        {
                            "function": "minecraft:enchant_with_levels",
                            "levels": 30,
                            "treasure": true
                        }
                    ]
                },
                {
                    "type": "minecraft:item",
                    "name": "minecraft:player_head"
                }
            ]
        }
    ],
    "random_sequence": "minecraft:gameplay/fishing/treasure"
}
