{
    "type": "chest",
    "pools": [
      {
        "rolls": 1,
        "entries": [
            {
              "type": "item",
              "weight": 1,
              "name": "minecraft:knowledge_book",
              "functions": [
                {
                  "function": "set_count",
                  "count": 1
                },
                {
                  "function": "set_nbt",
                  "tag": "{Betsy:1b}"
                }
              ]
            },
          {
            "type": "item",
            "weight": 1,
            "name": "minecraft:cod",
            "functions": [
              {
                "function": "set_count",
                "count": 1
              },
              {
                "function": "set_nbt",
                "tag": "{display:{Name:'{\"text\":\"Slap Fish\"}'},Enchantments:[{id:\"minecraft:sharpness\",lvl:3s}]}"
              }
            ]
          },
          {
            "type": "empty",
            "weight": 1
          },
          {
            "type": "item",
            "weight": 2,
            "name": "minecraft:potion",
            "functions": [
              {
                "function": "set_count",
                "count": 1
              },
              {
                "function": "set_nbt",
                "tag": "{Enchantments:[{}],custom_potion_effects:[{id:\"minecraft:strength\",amplifier:0b,duration:1200},{id:\"minecraft:instant_health\",amplifier:2b,duration:1}],Potion:\"minecraft:thick\",CustomPotionColor:20978}"
              }
            ]
          },
          {
            "type": "item",
            "weight": 2,
            "name": "minecraft:potion",
            "functions": [
              {
                "function": "set_count",
                "count": 1
              },
              {
                "function": "set_nbt",
                "tag": "{Enchantments:[{}],custom_potion_effects:[{id:\"minecraft:speed\",amplifier:1b,duration:1200},{id:\"minecraft:absorption\",amplifier:2b,duration:1200}],Potion:\"minecraft:thick\",CustomPotionColor:20978}"
              }
            ]
          },
          {
            "type": "item",
            "weight": 2,
            "name": "minecraft:potion",
            "functions": [
              {
                "function": "set_count",
                "count": 1
              },
              {
                "function": "set_nbt",
                "tag": "{Enchantments:[{}],custom_potion_effects:[{id:\"minecraft:speed\",amplifier:1b,duration:1200},{id:\"minecraft:strength\",amplifier:0b,duration:1200}],Potion:\"minecraft:thick\",CustomPotionColor:20978}"
              }
            ]
          },
          {
            "type": "item",
            "weight": 2,
            "name": "minecraft:enchanted_book",
            "functions": [
              {
                "function": "set_count",
                "count": 1
              },
              {
                "function": "set_nbt",
                "tag": "{StoredEnchantments:[{id:\"minecraft:flame\",lvl:1s}]}"
              }
            ]
          },
          {
            "type": "item",
            "weight": 2,
            "name": "minecraft:enchanted_book",
            "functions": [
              {
                "function": "set_count",
                "count": 1
              },
              {
                "function": "set_nbt",
                "tag": "{StoredEnchantments:[{id:\"minecraft:power\",lvl:4s}]}"
              }
            ]
          },
          {
            "type": "item",
            "weight": 2,
            "name": "minecraft:enchanted_book",
            "functions": [
              {
                "function": "set_count",
                "count": 1
              },
              {
                "function": "set_nbt",
                "tag": "{StoredEnchantments:[{id:\"minecraft:fire_aspect\",lvl:2s}]}"
              }
            ]
          },
          {
            "type": "item",
            "weight": 2,
            "name": "minecraft:enchanted_book",
            "functions": [
              {
                "function": "set_count",
                "count": 1
              },
              {
                "function": "set_nbt",
                "tag": "{StoredEnchantments:[{id:\"minecraft:fire_aspect\",lvl:1s}]}"
              }
            ]
          },
          {
            "type": "item",
            "weight": 2,
            "name": "minecraft:enchanted_book",
            "functions": [
              {
                "function": "set_count",
                "count": 1
              },
              {
                "function": "set_nbt",
                "tag": "{StoredEnchantments:[{id:\"minecraft:sharpness\",lvl:4s}]}"
              }
            ]
          },
          {
            "type": "item",
            "weight": 2,
            "name": "minecraft:enchanted_book",
            "functions": [
              {
                "function": "set_count",
                "count": 1
              },
              {
                "function": "set_nbt",
                "tag": "{StoredEnchantments:[{id:\"minecraft:sharpness\",lvl:3s}]}"
              }
            ]
          },
          {
            "type": "item",
            "weight": 2,
            "name": "minecraft:experience_bottle",
            "functions": [
              {
                "function": "set_count",
                "count": 48
              }
            ]
          },
          {
            "type": "item",
            "weight": 2,
            "name": "minecraft:experience_bottle",
            "functions": [
              {
                "function": "set_count",
                "count": 32
              }
            ]
          },
          {
            "type": "item",
            "weight": 2,
            "name": "minecraft:experience_bottle",
            "functions": [
              {
                "function": "set_count",
                "count": 24
              }
            ]
          },
          {
            "type": "item",
            "weight": 2,
            "name": "minecraft:diamond",
            "functions": [
              {
                "function": "set_count",
                "count": 7
              }
            ]
          },
          {
            "type": "item",
            "weight": 2,
            "name": "minecraft:diamond",
            "functions": [
              {
                "function": "set_count",
                "count": 5
              }
            ]
          },
          {
            "type": "item",
            "weight": 2,
            "name": "minecraft:diamond",
            "functions": [
              {
                "function": "set_count",
                "count": 3
              }
            ]
          },
          {
            "type": "item",
            "weight": 2,
            "name": "minecraft:gold_ingot",
            "functions": [
              {
                "function": "set_count",
                "count": 24
              }
            ]
          },
          {
            "type": "item",
            "weight": 2,
            "name": "minecraft:gold_ingot",
            "functions": [
              {
                "function": "set_count",
                "count": 16
              }
            ]
          },
          {
            "type": "item",
            "weight": 2,
            "name": "minecraft:gold_ingot",
            "functions": [
              {
                "function": "set_count",
                "count": 12
              }
            ]
          },
          {
            "type": "item",
            "weight": 2,
            "name": "minecraft:gold_ingot",
            "functions": [
              {
                "function": "set_count",
                "count": 8
              }
            ]
          },
          {
            "type": "item",
            "weight": 2,
            "name": "minecraft:golden_apple",
            "functions": [
              {
                "function": "set_count",
                "count": 3
              }
            ]
          },
          {
            "type": "item",
            "weight": 2,
            "name": "minecraft:golden_apple",
            "functions": [
              {
                "function": "set_count",
                "count": 2
              }
            ]
          },
          {
            "type": "item",
            "weight": 2,
            "name": "minecraft:golden_apple",
            "functions": [
              {
                "function": "set_count",
                "count": 1
              }
            ]
          },
          {
            "type": "item",
            "weight": 2,
            "name": "minecraft:potion",
            "functions": [
              {
                "function": "set_count",
                "count": 1
              },
              {
                "function": "set_nbt",
                "tag": "{Enchantments:[{}],custom_potion_effects:[{id:\"minecraft:instant_health\",amplifier:3b,duration:1}],Potion:\"minecraft:thick\",CustomPotionColor:20978}"
              }
            ]
          },
          {
            "type": "item",
            "weight": 2,
            "name": "minecraft:potion",
            "functions": [
              {
                "function": "set_count",
                "count": 1
              },
              {
                "function": "set_nbt",
                "tag": "{Enchantments:[{}],custom_potion_effects:[{id:\"minecraft:instant_health\",amplifier:2b,duration:1}],Potion:\"minecraft:thick\",CustomPotionColor:20978}"
              }
            ]
          },
          {
            "type": "item",
            "weight": 2,
            "name": "minecraft:potion",
            "functions": [
              {
                "function": "set_count",
                "count": 1
              },
              {
                "function": "set_nbt",
                "tag": "{Enchantments:[{}],custom_potion_effects:[{id:\"minecraft:instant_health\",amplifier:1b,duration:1}],Potion:\"minecraft:thick\",CustomPotionColor:20978}"
              }
            ]
          }
        ]
      }
    ]
  }