{
	"credit": "Made with Blockbench",
	"parent": "iron_shovel",
	"texture_size": [64, 64],
	"textures": {
		"0": "item/stop_sign",
		"particle": "item/stop_sign"
	},
	"elements": [
		{
			"from": [7.5, 0, 7],
			"to": [8.5, 24, 8],
			"faces": {
				"north": {"uv": [1.25, 3.75, 1.5, 9.75], "texture": "#0"},
				"east": {"uv": [1.5, 3.75, 1.75, 9.75], "texture": "#0"},
				"south": {"uv": [1.75, 3.75, 2, 9.75], "texture": "#0"},
				"west": {"uv": [2, 3.75, 2.25, 9.75], "texture": "#0"},
				"up": {"uv": [2.5, 4, 2.25, 3.75], "texture": "#0"},
				"down": {"uv": [2.75, 3.75, 2.5, 4], "texture": "#0"}
			}
		},
		{
			"from": [3, 17, 6],
			"to": [13, 21, 7],
			"faces": {
				"north": {"uv": [0, 0, 2.5, 1], "texture": "#0"},
				"east": {"uv": [3, 2.75, 3.25, 3.75], "texture": "#0"},
				"south": {"uv": [0, 1, 2.5, 2], "texture": "#0"},
				"west": {"uv": [0, 3.25, 0.25, 4.25], "texture": "#0"},
				"up": {"uv": [2.5, 2.25, 0, 2], "texture": "#0"},
				"down": {"uv": [2.5, 2.25, 0, 2.5], "texture": "#0"}
			}
		},
		{
			"from": [6, 23, 6],
			"to": [10, 24, 7],
			"faces": {
				"north": {"uv": [0.25, 3.25, 1.25, 3.5], "texture": "#0"},
				"east": {"uv": [2.25, 3.25, 2.5, 3.5], "texture": "#0"},
				"south": {"uv": [1.25, 3.25, 2.25, 3.5], "texture": "#0"},
				"west": {"uv": [2.5, 3.25, 2.75, 3.5], "texture": "#0"},
				"up": {"uv": [4.25, 3, 3.25, 2.75], "texture": "#0"},
				"down": {"uv": [4.25, 3, 3.25, 3.25], "texture": "#0"}
			}
		},
		{
			"from": [6, 14, 6],
			"to": [10, 15, 7],
			"faces": {
				"north": {"uv": [3.25, 3.25, 4.25, 3.5], "texture": "#0"},
				"east": {"uv": [2.75, 3.25, 3, 3.5], "texture": "#0"},
				"south": {"uv": [0.25, 3.5, 1.25, 3.75], "texture": "#0"},
				"west": {"uv": [2.25, 3.5, 2.5, 3.75], "texture": "#0"},
				"up": {"uv": [2.25, 3.75, 1.25, 3.5], "texture": "#0"},
				"down": {"uv": [4.5, 2.5, 3.5, 2.75], "texture": "#0"}
			}
		},
		{
			"from": [5, 22, 6],
			"to": [11, 23, 7],
			"faces": {
				"north": {"uv": [2.5, 1.75, 4, 2], "texture": "#0"},
				"east": {"uv": [2.5, 3.5, 2.75, 3.75], "texture": "#0"},
				"south": {"uv": [2, 2.5, 3.5, 2.75], "texture": "#0"},
				"west": {"uv": [2.75, 3.5, 3, 3.75], "texture": "#0"},
				"up": {"uv": [4, 2.25, 2.5, 2], "texture": "#0"},
				"down": {"uv": [4, 2.25, 2.5, 2.5], "texture": "#0"}
			}
		},
		{
			"from": [5, 15, 6],
			"to": [11, 16, 7],
			"faces": {
				"north": {"uv": [0, 2.75, 1.5, 3], "texture": "#0"},
				"east": {"uv": [3.25, 3.5, 3.5, 3.75], "texture": "#0"},
				"south": {"uv": [1.5, 2.75, 3, 3], "texture": "#0"},
				"west": {"uv": [3.5, 3.5, 3.75, 3.75], "texture": "#0"},
				"up": {"uv": [1.5, 3.25, 0, 3], "texture": "#0"},
				"down": {"uv": [3, 3, 1.5, 3.25], "texture": "#0"}
			}
		},
		{
			"from": [4, 21, 6],
			"to": [12, 22, 7],
			"faces": {
				"north": {"uv": [0, 2.5, 2, 2.75], "texture": "#0"},
				"east": {"uv": [0.25, 3.75, 0.5, 4], "texture": "#0"},
				"south": {"uv": [2.5, 0, 4.5, 0.25], "texture": "#0"},
				"west": {"uv": [0.5, 3.75, 0.75, 4], "texture": "#0"},
				"up": {"uv": [4.5, 0.5, 2.5, 0.25], "texture": "#0"},
				"down": {"uv": [4.5, 0.5, 2.5, 0.75], "texture": "#0"}
			}
		},
		{
			"from": [4, 16, 6],
			"to": [12, 17, 7],
			"faces": {
				"north": {"uv": [2.5, 0.75, 4.5, 1], "texture": "#0"},
				"east": {"uv": [0.75, 3.75, 1, 4], "texture": "#0"},
				"south": {"uv": [2.5, 1, 4.5, 1.25], "texture": "#0"},
				"west": {"uv": [1, 3.75, 1.25, 4], "texture": "#0"},
				"up": {"uv": [4.5, 1.5, 2.5, 1.25], "texture": "#0"},
				"down": {"uv": [4.5, 1.5, 2.5, 1.75], "texture": "#0"}
			}
		}
	],
	"gui_light": "front",
	"display": {
		"thirdperson_righthand": {
			"rotation": [0, 90, 0],
			"translation": [0.5, 2, 1]
		},
		"thirdperson_lefthand": {
			"rotation": [0, 90, 0],
			"translation": [0.5, 2, 1]
		},
		"firstperson_righthand": {
			"rotation": [0, 90, 0]
		},
		"firstperson_lefthand": {
			"rotation": [0, 90, 0]
		},
		"ground": {
			"rotation": [0, 0, 45],
			"translation": [0, 2, 0.5],
			"scale": [0.6, 0.6, 0.6]
		},
		"gui": {
			"rotation": [0, 180, 45],
			"translation": [-2, -2, 0],
			"scale": [0.75, 0.75, 0.75]
		},
		"fixed": {
			"rotation": [0, 0, 45],
			"translation": [2, -2, 0],
			"scale": [0.8, 0.8, 0.8]
		}
	},
	"groups": [
		{
			"name": "stop_sign",
			"origin": [0, 0, 0],
			"color": 0,
			"children": [0, 1, 2, 3, 4, 5, 6, 7]
		}
	]
}