{
	"credit": "Made with Blockbench",
	"parent": "golden_axe",
	"texture_size": [32, 32],
	"textures": {
		"0": "item/stormlander",
		"particle": "item/stormlander"
	},
	"elements": [
		{
			"from": [7, 10, 11],
			"to": [8, 12, 12],
			"faces": {
				"north": {"uv": [11, 8, 11.5, 9], "texture": "#0"},
				"east": {"uv": [11, 9, 11.5, 10], "texture": "#0"},
				"south": {"uv": [9.5, 11, 10, 12], "texture": "#0"},
				"west": {"uv": [10, 11, 10.5, 12], "texture": "#0"},
				"up": {"uv": [12, 4, 11.5, 3.5], "texture": "#0"},
				"down": {"uv": [4.5, 11.5, 4, 12], "texture": "#0"}
			}
		},
		{
			"from": [7, 0, 0],
			"to": [8, 2, 1],
			"faces": {
				"north": {"uv": [11, 10, 11.5, 11], "texture": "#0"},
				"east": {"uv": [10.5, 11, 11, 12], "texture": "#0"},
				"south": {"uv": [11, 11, 11.5, 12], "texture": "#0"},
				"west": {"uv": [3.5, 11.5, 4, 12.5], "texture": "#0"},
				"up": {"uv": [12, 4.5, 11.5, 4], "texture": "#0"},
				"down": {"uv": [5, 11.5, 4.5, 12], "texture": "#0"}
			}
		},
		{
			"from": [7, 0, 1],
			"to": [8, 3, 2],
			"faces": {
				"north": {"uv": [3.5, 7, 4, 8.5], "texture": "#0"},
				"east": {"uv": [4, 7, 4.5, 8.5], "texture": "#0"},
				"south": {"uv": [4.5, 7, 5, 8.5], "texture": "#0"},
				"west": {"uv": [5, 7, 5.5, 8.5], "texture": "#0"},
				"up": {"uv": [12, 5, 11.5, 4.5], "texture": "#0"},
				"down": {"uv": [5.5, 11.5, 5, 12], "texture": "#0"}
			}
		},
		{
			"from": [7, 1, 2],
			"to": [8, 4, 3],
			"faces": {
				"north": {"uv": [5.5, 7, 6, 8.5], "texture": "#0"},
				"east": {"uv": [3.5, 8.5, 4, 10], "texture": "#0"},
				"south": {"uv": [4, 8.5, 4.5, 10], "texture": "#0"},
				"west": {"uv": [4.5, 8.5, 5, 10], "texture": "#0"},
				"up": {"uv": [12, 5.5, 11.5, 5], "texture": "#0"},
				"down": {"uv": [6, 11.5, 5.5, 12], "texture": "#0"}
			}
		},
		{
			"from": [7, 2, 3],
			"to": [8, 5, 4],
			"faces": {
				"north": {"uv": [5, 8.5, 5.5, 10], "texture": "#0"},
				"east": {"uv": [5.5, 8.5, 6, 10], "texture": "#0"},
				"south": {"uv": [9.5, 3.5, 10, 5], "texture": "#0"},
				"west": {"uv": [9.5, 5, 10, 6.5], "texture": "#0"},
				"up": {"uv": [12, 6, 11.5, 5.5], "texture": "#0"},
				"down": {"uv": [12, 6, 11.5, 6.5], "texture": "#0"}
			}
		},
		{
			"from": [7, 3, 4],
			"to": [8, 6, 5],
			"faces": {
				"north": {"uv": [9.5, 6.5, 10, 8], "texture": "#0"},
				"east": {"uv": [9.5, 8, 10, 9.5], "texture": "#0"},
				"south": {"uv": [9.5, 9.5, 10, 11], "texture": "#0"},
				"west": {"uv": [3.5, 10, 4, 11.5], "texture": "#0"},
				"up": {"uv": [12, 7, 11.5, 6.5], "texture": "#0"},
				"down": {"uv": [12, 7, 11.5, 7.5], "texture": "#0"}
			}
		},
		{
			"from": [7, 4, 5],
			"to": [8, 7, 6],
			"faces": {
				"north": {"uv": [10, 3.5, 10.5, 5], "texture": "#0"},
				"east": {"uv": [4, 10, 4.5, 11.5], "texture": "#0"},
				"south": {"uv": [4.5, 10, 5, 11.5], "texture": "#0"},
				"west": {"uv": [5, 10, 5.5, 11.5], "texture": "#0"},
				"up": {"uv": [12, 8, 11.5, 7.5], "texture": "#0"},
				"down": {"uv": [12, 8, 11.5, 8.5], "texture": "#0"}
			}
		},
		{
			"from": [7, 5, 6],
			"to": [8, 8, 7],
			"faces": {
				"north": {"uv": [10, 5, 10.5, 6.5], "texture": "#0"},
				"east": {"uv": [5.5, 10, 6, 11.5], "texture": "#0"},
				"south": {"uv": [10, 6.5, 10.5, 8], "texture": "#0"},
				"west": {"uv": [10, 8, 10.5, 9.5], "texture": "#0"},
				"up": {"uv": [12, 9, 11.5, 8.5], "texture": "#0"},
				"down": {"uv": [12, 9, 11.5, 9.5], "texture": "#0"}
			}
		},
		{
			"from": [7, 6, 7],
			"to": [8, 9, 8],
			"faces": {
				"north": {"uv": [10, 9.5, 10.5, 11], "texture": "#0"},
				"east": {"uv": [0, 10.5, 0.5, 12], "texture": "#0"},
				"south": {"uv": [0.5, 10.5, 1, 12], "texture": "#0"},
				"west": {"uv": [1, 10.5, 1.5, 12], "texture": "#0"},
				"up": {"uv": [12, 10, 11.5, 9.5], "texture": "#0"},
				"down": {"uv": [12, 10, 11.5, 10.5], "texture": "#0"}
			}
		},
		{
			"from": [7, 7, 8],
			"to": [8, 10, 9],
			"faces": {
				"north": {"uv": [1.5, 10.5, 2, 12], "texture": "#0"},
				"east": {"uv": [2, 10.5, 2.5, 12], "texture": "#0"},
				"south": {"uv": [2.5, 10.5, 3, 12], "texture": "#0"},
				"west": {"uv": [3, 10.5, 3.5, 12], "texture": "#0"},
				"up": {"uv": [12, 11, 11.5, 10.5], "texture": "#0"},
				"down": {"uv": [12, 11, 11.5, 11.5], "texture": "#0"}
			}
		},
		{
			"from": [7, 8, 9],
			"to": [8, 11, 10],
			"faces": {
				"north": {"uv": [10.5, 3.5, 11, 5], "texture": "#0"},
				"east": {"uv": [10.5, 5, 11, 6.5], "texture": "#0"},
				"south": {"uv": [10.5, 6.5, 11, 8], "texture": "#0"},
				"west": {"uv": [10.5, 8, 11, 9.5], "texture": "#0"},
				"up": {"uv": [12, 12, 11.5, 11.5], "texture": "#0"},
				"down": {"uv": [0.5, 12, 0, 12.5], "texture": "#0"}
			}
		},
		{
			"from": [7, 9, 10],
			"to": [8, 12, 11],
			"faces": {
				"north": {"uv": [10.5, 9.5, 11, 11], "texture": "#0"},
				"east": {"uv": [11, 3.5, 11.5, 5], "texture": "#0"},
				"south": {"uv": [11, 5, 11.5, 6.5], "texture": "#0"},
				"west": {"uv": [11, 6.5, 11.5, 8], "texture": "#0"},
				"up": {"uv": [1, 12.5, 0.5, 12], "texture": "#0"},
				"down": {"uv": [1.5, 12, 1, 12.5], "texture": "#0"}
			}
		},
		{
			"name": "head",
			"from": [4, 15, 8.01],
			"to": [11, 22, 20.01],
			"rotation": {"angle": 45, "axis": "x", "origin": [7.5, 16.5, 8]},
			"faces": {
				"north": {"uv": [0, 7, 3.5, 10.5], "texture": "#0"},
				"east": {"uv": [0, 0, 6, 3.5], "texture": "#0"},
				"south": {"uv": [9.5, 0, 13, 3.5], "texture": "#0"},
				"west": {"uv": [0, 3.5, 6, 7], "texture": "#0"},
				"up": {"uv": [9.5, 6, 6, 0], "texture": "#0"},
				"down": {"uv": [9.5, 6, 6, 12], "texture": "#0"}
			}
		}
	],
	"gui_light": "front",
	"display": {
		"thirdperson_righthand": {
			"rotation": [-45, 0, 0],
			"translation": [0.5, 3.75, 2.5]
		},
		"thirdperson_lefthand": {
			"rotation": [-45, 0, 0],
			"translation": [-0.5, 3.75, 2.5]
		},
		"firstperson_righthand": {
			"rotation": [-45, 0, 0],
			"translation": [0, 3.75, 3.25]
		},
		"firstperson_lefthand": {
			"rotation": [-45, 0, 0],
			"translation": [0, 3.75, 3.25]
		},
		"ground": {
			"translation": [0.5, 5, 0]
		},
		"gui": {
			"rotation": [0, 90, 0],
			"translation": [-2, -2, 0],
			"scale": [0, 0.75, 0.75]
		},
		"fixed": {
			"rotation": [0, -90, 0]
		}
	},
	"groups": [
		{
			"name": "handle",
			"origin": [0, 0, 0],
			"color": 0,
			"children": [0, 1, 2, 3, 4, 5, 6, 7, 8, 9, 10, 11]
		},
		12
	]
}