{
	"credit": "Made with Blockbench",
	"parent": "purple_dye",
	"textures": {
		"0": "item/torment_arrow",
		"1": "item/torment_quiver",
		"particle": "item/torment_arrow"
	},
	"elements": [
		{
			"name": "torment_arrow_0",
			"from": [15.35714, 15.85714, 6],
			"to": [16.5, 17, 7.14286],
			"rotation": {"angle": 45, "axis": "z", "origin": [8.5, 1, 6]},
			"faces": {
				"north": {"uv": [8, 0, 6.85714, 1.14286], "texture": "#0"},
				"east": {"uv": [6.85714, 0, 8, 1.14286], "texture": "#0"},
				"south": {"uv": [6.85714, 0, 8, 1.14286], "texture": "#0"},
				"west": {"uv": [6.85714, 0, 8, 1.14286], "texture": "#0"},
				"up": {"uv": [6.85714, 0, 8, 1.14286], "texture": "#0"},
				"down": {"uv": [6.85714, 0, 8, 1.14286], "texture": "#0"}
			}
		},
		{
			"name": "torment_arrow_1",
			"from": [21.07143, 15.85714, 6],
			"to": [22.21429, 17, 7.14286],
			"rotation": {"angle": 45, "axis": "z", "origin": [8.5, 1, 6]},
			"faces": {
				"north": {"uv": [13.71429, 0, 12.57143, 1.14286], "texture": "#0"},
				"east": {"uv": [12.57143, 0, 13.71429, 1.14286], "texture": "#0"},
				"south": {"uv": [12.57143, 0, 13.71429, 1.14286], "texture": "#0"},
				"west": {"uv": [12.57143, 0, 13.71429, 1.14286], "texture": "#0"},
				"up": {"uv": [12.57143, 0, 13.71429, 1.14286], "texture": "#0"},
				"down": {"uv": [12.57143, 0, 13.71429, 1.14286], "texture": "#0"}
			}
		},
		{
			"name": "torment_arrow_2",
			"from": [22.21429, 15.85714, 6],
			"to": [23.35714, 17, 7.14286],
			"rotation": {"angle": 45, "axis": "z", "origin": [8.5, 1, 6]},
			"faces": {
				"north": {"uv": [14.85714, 0, 13.71429, 1.14286], "texture": "#0"},
				"east": {"uv": [13.71429, 0, 14.85714, 1.14286], "texture": "#0"},
				"south": {"uv": [13.71429, 0, 14.85714, 1.14286], "texture": "#0"},
				"west": {"uv": [13.71429, 0, 14.85714, 1.14286], "texture": "#0"},
				"up": {"uv": [13.71429, 0, 14.85714, 1.14286], "texture": "#0"},
				"down": {"uv": [13.71429, 0, 14.85714, 1.14286], "texture": "#0"}
			}
		},
		{
			"name": "torment_arrow_3",
			"from": [23.35714, 15.85714, 6],
			"to": [24.5, 17, 7.14286],
			"rotation": {"angle": 45, "axis": "z", "origin": [8.5, 1, 6]},
			"faces": {
				"north": {"uv": [16, 0, 14.85714, 1.14286], "texture": "#0"},
				"east": {"uv": [14.85714, 0, 16, 1.14286], "texture": "#0"},
				"south": {"uv": [14.85714, 0, 16, 1.14286], "texture": "#0"},
				"west": {"uv": [14.85714, 0, 16, 1.14286], "texture": "#0"},
				"up": {"uv": [14.85714, 0, 16, 1.14286], "texture": "#0"},
				"down": {"uv": [14.85714, 0, 16, 1.14286], "texture": "#0"}
			}
		},
		{
			"name": "torment_arrow_4",
			"from": [15.35714, 14.71429, 6],
			"to": [16.5, 15.85714, 7.14286],
			"rotation": {"angle": 45, "axis": "z", "origin": [8.5, 1, 6]},
			"faces": {
				"north": {"uv": [8, 1.14286, 6.85714, 2.28571], "texture": "#0"},
				"east": {"uv": [6.85714, 1.14286, 8, 2.28571], "texture": "#0"},
				"south": {"uv": [6.85714, 1.14286, 8, 2.28571], "texture": "#0"},
				"west": {"uv": [6.85714, 1.14286, 8, 2.28571], "texture": "#0"},
				"up": {"uv": [6.85714, 1.14286, 8, 2.28571], "texture": "#0"},
				"down": {"uv": [6.85714, 1.14286, 8, 2.28571], "texture": "#0"}
			}
		},
		{
			"name": "torment_arrow_5",
			"from": [19.92857, 14.71429, 6],
			"to": [21.07143, 15.85714, 7.14286],
			"rotation": {"angle": 45, "axis": "z", "origin": [8.5, 1, 6]},
			"faces": {
				"north": {"uv": [12.57143, 1.14286, 11.42857, 2.28571], "texture": "#0"},
				"east": {"uv": [11.42857, 1.14286, 12.57143, 2.28571], "texture": "#0"},
				"south": {"uv": [11.42857, 1.14286, 12.57143, 2.28571], "texture": "#0"},
				"west": {"uv": [11.42857, 1.14286, 12.57143, 2.28571], "texture": "#0"},
				"up": {"uv": [11.42857, 1.14286, 12.57143, 2.28571], "texture": "#0"},
				"down": {"uv": [11.42857, 1.14286, 12.57143, 2.28571], "texture": "#0"}
			}
		},
		{
			"name": "torment_arrow_6",
			"from": [21.07143, 14.71429, 6],
			"to": [22.21429, 15.85714, 7.14286],
			"rotation": {"angle": 45, "axis": "z", "origin": [8.5, 1, 6]},
			"faces": {
				"north": {"uv": [13.71429, 1.14286, 12.57143, 2.28571], "texture": "#0"},
				"east": {"uv": [12.57143, 1.14286, 13.71429, 2.28571], "texture": "#0"},
				"south": {"uv": [12.57143, 1.14286, 13.71429, 2.28571], "texture": "#0"},
				"west": {"uv": [12.57143, 1.14286, 13.71429, 2.28571], "texture": "#0"},
				"up": {"uv": [12.57143, 1.14286, 13.71429, 2.28571], "texture": "#0"},
				"down": {"uv": [12.57143, 1.14286, 13.71429, 2.28571], "texture": "#0"}
			}
		},
		{
			"name": "torment_arrow_7",
			"from": [22.21429, 14.71429, 6],
			"to": [23.35714, 15.85714, 7.14286],
			"rotation": {"angle": 45, "axis": "z", "origin": [8.5, 1, 6]},
			"faces": {
				"north": {"uv": [14.85714, 1.14286, 13.71429, 2.28571], "texture": "#0"},
				"east": {"uv": [13.71429, 1.14286, 14.85714, 2.28571], "texture": "#0"},
				"south": {"uv": [13.71429, 1.14286, 14.85714, 2.28571], "texture": "#0"},
				"west": {"uv": [13.71429, 1.14286, 14.85714, 2.28571], "texture": "#0"},
				"up": {"uv": [13.71429, 1.14286, 14.85714, 2.28571], "texture": "#0"},
				"down": {"uv": [13.71429, 1.14286, 14.85714, 2.28571], "texture": "#0"}
			}
		},
		{
			"name": "torment_arrow_8",
			"from": [23.35714, 14.71429, 6],
			"to": [24.5, 15.85714, 7.14286],
			"rotation": {"angle": 45, "axis": "z", "origin": [8.5, 1, 6]},
			"faces": {
				"north": {"uv": [16, 1.14286, 14.85714, 2.28571], "texture": "#0"},
				"east": {"uv": [14.85714, 1.14286, 16, 2.28571], "texture": "#0"},
				"south": {"uv": [14.85714, 1.14286, 16, 2.28571], "texture": "#0"},
				"west": {"uv": [14.85714, 1.14286, 16, 2.28571], "texture": "#0"},
				"up": {"uv": [14.85714, 1.14286, 16, 2.28571], "texture": "#0"},
				"down": {"uv": [14.85714, 1.14286, 16, 2.28571], "texture": "#0"}
			}
		},
		{
			"name": "torment_arrow_9",
			"from": [15.35714, 13.57143, 6],
			"to": [16.5, 14.71429, 7.14286],
			"rotation": {"angle": 45, "axis": "z", "origin": [8.5, 1, 6]},
			"faces": {
				"north": {"uv": [8, 2.28571, 6.85714, 3.42857], "texture": "#0"},
				"east": {"uv": [6.85714, 2.28571, 8, 3.42857], "texture": "#0"},
				"south": {"uv": [6.85714, 2.28571, 8, 3.42857], "texture": "#0"},
				"west": {"uv": [6.85714, 2.28571, 8, 3.42857], "texture": "#0"},
				"up": {"uv": [6.85714, 2.28571, 8, 3.42857], "texture": "#0"},
				"down": {"uv": [6.85714, 2.28571, 8, 3.42857], "texture": "#0"}
			}
		},
		{
			"name": "torment_arrow_10",
			"from": [16.5, 13.57143, 6],
			"to": [17.64286, 14.71429, 7.14286],
			"rotation": {"angle": 45, "axis": "z", "origin": [8.5, 1, 6]},
			"faces": {
				"north": {"uv": [9.14286, 2.28571, 8, 3.42857], "texture": "#0"},
				"east": {"uv": [8, 2.28571, 9.14286, 3.42857], "texture": "#0"},
				"south": {"uv": [8, 2.28571, 9.14286, 3.42857], "texture": "#0"},
				"west": {"uv": [8, 2.28571, 9.14286, 3.42857], "texture": "#0"},
				"up": {"uv": [8, 2.28571, 9.14286, 3.42857], "texture": "#0"},
				"down": {"uv": [8, 2.28571, 9.14286, 3.42857], "texture": "#0"}
			}
		},
		{
			"name": "torment_arrow_11",
			"from": [18.78571, 13.57143, 6],
			"to": [19.92857, 14.71429, 7.14286],
			"rotation": {"angle": 45, "axis": "z", "origin": [8.5, 1, 6]},
			"faces": {
				"north": {"uv": [11.42857, 2.28571, 10.28571, 3.42857], "texture": "#0"},
				"east": {"uv": [10.28571, 2.28571, 11.42857, 3.42857], "texture": "#0"},
				"south": {"uv": [10.28571, 2.28571, 11.42857, 3.42857], "texture": "#0"},
				"west": {"uv": [10.28571, 2.28571, 11.42857, 3.42857], "texture": "#0"},
				"up": {"uv": [10.28571, 2.28571, 11.42857, 3.42857], "texture": "#0"},
				"down": {"uv": [10.28571, 2.28571, 11.42857, 3.42857], "texture": "#0"}
			}
		},
		{
			"name": "torment_arrow_12",
			"from": [21.07143, 13.57143, 6],
			"to": [22.21429, 14.71429, 7.14286],
			"rotation": {"angle": 45, "axis": "z", "origin": [8.5, 1, 6]},
			"faces": {
				"north": {"uv": [13.71429, 2.28571, 12.57143, 3.42857], "texture": "#0"},
				"east": {"uv": [12.57143, 2.28571, 13.71429, 3.42857], "texture": "#0"},
				"south": {"uv": [12.57143, 2.28571, 13.71429, 3.42857], "texture": "#0"},
				"west": {"uv": [12.57143, 2.28571, 13.71429, 3.42857], "texture": "#0"},
				"up": {"uv": [12.57143, 2.28571, 13.71429, 3.42857], "texture": "#0"},
				"down": {"uv": [12.57143, 2.28571, 13.71429, 3.42857], "texture": "#0"}
			}
		},
		{
			"name": "torment_arrow_13",
			"from": [22.21429, 13.57143, 6],
			"to": [23.35714, 14.71429, 7.14286],
			"rotation": {"angle": 45, "axis": "z", "origin": [8.5, 1, 6]},
			"faces": {
				"north": {"uv": [14.85714, 2.28571, 13.71429, 3.42857], "texture": "#0"},
				"east": {"uv": [13.71429, 2.28571, 14.85714, 3.42857], "texture": "#0"},
				"south": {"uv": [13.71429, 2.28571, 14.85714, 3.42857], "texture": "#0"},
				"west": {"uv": [13.71429, 2.28571, 14.85714, 3.42857], "texture": "#0"},
				"up": {"uv": [13.71429, 2.28571, 14.85714, 3.42857], "texture": "#0"},
				"down": {"uv": [13.71429, 2.28571, 14.85714, 3.42857], "texture": "#0"}
			}
		},
		{
			"name": "torment_arrow_14",
			"from": [23.35714, 13.57143, 6],
			"to": [24.5, 14.71429, 7.14286],
			"rotation": {"angle": 45, "axis": "z", "origin": [8.5, 1, 6]},
			"faces": {
				"north": {"uv": [16, 2.28571, 14.85714, 3.42857], "texture": "#0"},
				"east": {"uv": [14.85714, 2.28571, 16, 3.42857], "texture": "#0"},
				"south": {"uv": [14.85714, 2.28571, 16, 3.42857], "texture": "#0"},
				"west": {"uv": [14.85714, 2.28571, 16, 3.42857], "texture": "#0"},
				"up": {"uv": [14.85714, 2.28571, 16, 3.42857], "texture": "#0"},
				"down": {"uv": [14.85714, 2.28571, 16, 3.42857], "texture": "#0"}
			}
		},
		{
			"name": "torment_arrow_15",
			"from": [16.5, 12.42857, 6],
			"to": [17.64286, 13.57143, 7.14286],
			"rotation": {"angle": 45, "axis": "z", "origin": [8.5, 1, 6]},
			"faces": {
				"north": {"uv": [9.14286, 3.42857, 8, 4.57143], "texture": "#0"},
				"east": {"uv": [8, 3.42857, 9.14286, 4.57143], "texture": "#0"},
				"south": {"uv": [8, 3.42857, 9.14286, 4.57143], "texture": "#0"},
				"west": {"uv": [8, 3.42857, 9.14286, 4.57143], "texture": "#0"},
				"up": {"uv": [8, 3.42857, 9.14286, 4.57143], "texture": "#0"},
				"down": {"uv": [8, 3.42857, 9.14286, 4.57143], "texture": "#0"}
			}
		},
		{
			"name": "torment_arrow_16",
			"from": [18.78571, 12.42857, 6],
			"to": [19.92857, 13.57143, 7.14286],
			"rotation": {"angle": 45, "axis": "z", "origin": [8.5, 1, 6]},
			"faces": {
				"north": {"uv": [11.42857, 3.42857, 10.28571, 4.57143], "texture": "#0"},
				"east": {"uv": [10.28571, 3.42857, 11.42857, 4.57143], "texture": "#0"},
				"south": {"uv": [10.28571, 3.42857, 11.42857, 4.57143], "texture": "#0"},
				"west": {"uv": [10.28571, 3.42857, 11.42857, 4.57143], "texture": "#0"},
				"up": {"uv": [10.28571, 3.42857, 11.42857, 4.57143], "texture": "#0"},
				"down": {"uv": [10.28571, 3.42857, 11.42857, 4.57143], "texture": "#0"}
			}
		},
		{
			"name": "torment_arrow_17",
			"from": [22.21429, 12.42857, 6],
			"to": [23.35714, 13.57143, 7.14286],
			"rotation": {"angle": 45, "axis": "z", "origin": [8.5, 1, 6]},
			"faces": {
				"north": {"uv": [14.85714, 3.42857, 13.71429, 4.57143], "texture": "#0"},
				"east": {"uv": [13.71429, 3.42857, 14.85714, 4.57143], "texture": "#0"},
				"south": {"uv": [13.71429, 3.42857, 14.85714, 4.57143], "texture": "#0"},
				"west": {"uv": [13.71429, 3.42857, 14.85714, 4.57143], "texture": "#0"},
				"up": {"uv": [13.71429, 3.42857, 14.85714, 4.57143], "texture": "#0"},
				"down": {"uv": [13.71429, 3.42857, 14.85714, 4.57143], "texture": "#0"}
			}
		},
		{
			"name": "torment_arrow_18",
			"from": [16.5, 11.28571, 6],
			"to": [17.64286, 12.42857, 7.14286],
			"rotation": {"angle": 45, "axis": "z", "origin": [8.5, 1, 6]},
			"faces": {
				"north": {"uv": [9.14286, 4.57143, 8, 5.71429], "texture": "#0"},
				"east": {"uv": [8, 4.57143, 9.14286, 5.71429], "texture": "#0"},
				"south": {"uv": [8, 4.57143, 9.14286, 5.71429], "texture": "#0"},
				"west": {"uv": [8, 4.57143, 9.14286, 5.71429], "texture": "#0"},
				"up": {"uv": [8, 4.57143, 9.14286, 5.71429], "texture": "#0"},
				"down": {"uv": [8, 4.57143, 9.14286, 5.71429], "texture": "#0"}
			}
		},
		{
			"name": "torment_arrow_19",
			"from": [17.64286, 11.28571, 6],
			"to": [18.78571, 12.42857, 7.14286],
			"rotation": {"angle": 45, "axis": "z", "origin": [8.5, 1, 6]},
			"faces": {
				"north": {"uv": [10.28571, 4.57143, 9.14286, 5.71429], "texture": "#0"},
				"east": {"uv": [9.14286, 4.57143, 10.28571, 5.71429], "texture": "#0"},
				"south": {"uv": [9.14286, 4.57143, 10.28571, 5.71429], "texture": "#0"},
				"west": {"uv": [9.14286, 4.57143, 10.28571, 5.71429], "texture": "#0"},
				"up": {"uv": [9.14286, 4.57143, 10.28571, 5.71429], "texture": "#0"},
				"down": {"uv": [9.14286, 4.57143, 10.28571, 5.71429], "texture": "#0"}
			}
		},
		{
			"name": "torment_arrow_20",
			"from": [18.78571, 11.28571, 6],
			"to": [19.92857, 12.42857, 7.14286],
			"rotation": {"angle": 45, "axis": "z", "origin": [8.5, 1, 6]},
			"faces": {
				"north": {"uv": [11.42857, 4.57143, 10.28571, 5.71429], "texture": "#0"},
				"east": {"uv": [10.28571, 4.57143, 11.42857, 5.71429], "texture": "#0"},
				"south": {"uv": [10.28571, 4.57143, 11.42857, 5.71429], "texture": "#0"},
				"west": {"uv": [10.28571, 4.57143, 11.42857, 5.71429], "texture": "#0"},
				"up": {"uv": [10.28571, 4.57143, 11.42857, 5.71429], "texture": "#0"},
				"down": {"uv": [10.28571, 4.57143, 11.42857, 5.71429], "texture": "#0"}
			}
		},
		{
			"name": "torment_arrow_21",
			"from": [19.92857, 11.28571, 6],
			"to": [21.07143, 12.42857, 7.14286],
			"rotation": {"angle": 45, "axis": "z", "origin": [8.5, 1, 6]},
			"faces": {
				"north": {"uv": [12.57143, 4.57143, 11.42857, 5.71429], "texture": "#0"},
				"east": {"uv": [11.42857, 4.57143, 12.57143, 5.71429], "texture": "#0"},
				"south": {"uv": [11.42857, 4.57143, 12.57143, 5.71429], "texture": "#0"},
				"west": {"uv": [11.42857, 4.57143, 12.57143, 5.71429], "texture": "#0"},
				"up": {"uv": [11.42857, 4.57143, 12.57143, 5.71429], "texture": "#0"},
				"down": {"uv": [11.42857, 4.57143, 12.57143, 5.71429], "texture": "#0"}
			}
		},
		{
			"name": "torment_arrow_22",
			"from": [21.07143, 11.28571, 6],
			"to": [22.21429, 12.42857, 7.14286],
			"rotation": {"angle": 45, "axis": "z", "origin": [8.5, 1, 6]},
			"faces": {
				"north": {"uv": [13.71429, 4.57143, 12.57143, 5.71429], "texture": "#0"},
				"east": {"uv": [12.57143, 4.57143, 13.71429, 5.71429], "texture": "#0"},
				"south": {"uv": [12.57143, 4.57143, 13.71429, 5.71429], "texture": "#0"},
				"west": {"uv": [12.57143, 4.57143, 13.71429, 5.71429], "texture": "#0"},
				"up": {"uv": [12.57143, 4.57143, 13.71429, 5.71429], "texture": "#0"},
				"down": {"uv": [12.57143, 4.57143, 13.71429, 5.71429], "texture": "#0"}
			}
		},
		{
			"name": "torment_arrow_23",
			"from": [16.5, 10.14286, 6],
			"to": [17.64286, 11.28571, 7.14286],
			"rotation": {"angle": 45, "axis": "z", "origin": [8.5, 1, 6]},
			"faces": {
				"north": {"uv": [9.14286, 5.71429, 8, 6.85714], "texture": "#0"},
				"east": {"uv": [8, 5.71429, 9.14286, 6.85714], "texture": "#0"},
				"south": {"uv": [8, 5.71429, 9.14286, 6.85714], "texture": "#0"},
				"west": {"uv": [8, 5.71429, 9.14286, 6.85714], "texture": "#0"},
				"up": {"uv": [8, 5.71429, 9.14286, 6.85714], "texture": "#0"},
				"down": {"uv": [8, 5.71429, 9.14286, 6.85714], "texture": "#0"}
			}
		},
		{
			"name": "torment_arrow_24",
			"from": [17.64286, 10.14286, 6],
			"to": [18.78571, 11.28571, 7.14286],
			"rotation": {"angle": 45, "axis": "z", "origin": [8.5, 1, 6]},
			"faces": {
				"north": {"uv": [10.28571, 5.71429, 9.14286, 6.85714], "texture": "#0"},
				"east": {"uv": [9.14286, 5.71429, 10.28571, 6.85714], "texture": "#0"},
				"south": {"uv": [9.14286, 5.71429, 10.28571, 6.85714], "texture": "#0"},
				"west": {"uv": [9.14286, 5.71429, 10.28571, 6.85714], "texture": "#0"},
				"up": {"uv": [9.14286, 5.71429, 10.28571, 6.85714], "texture": "#0"},
				"down": {"uv": [9.14286, 5.71429, 10.28571, 6.85714], "texture": "#0"}
			}
		},
		{
			"name": "torment_arrow_25",
			"from": [18.78571, 10.14286, 6],
			"to": [19.92857, 11.28571, 7.14286],
			"rotation": {"angle": 45, "axis": "z", "origin": [8.5, 1, 6]},
			"faces": {
				"north": {"uv": [11.42857, 5.71429, 10.28571, 6.85714], "texture": "#0"},
				"east": {"uv": [10.28571, 5.71429, 11.42857, 6.85714], "texture": "#0"},
				"south": {"uv": [10.28571, 5.71429, 11.42857, 6.85714], "texture": "#0"},
				"west": {"uv": [10.28571, 5.71429, 11.42857, 6.85714], "texture": "#0"},
				"up": {"uv": [10.28571, 5.71429, 11.42857, 6.85714], "texture": "#0"},
				"down": {"uv": [10.28571, 5.71429, 11.42857, 6.85714], "texture": "#0"}
			}
		},
		{
			"name": "torment_arrow_26",
			"from": [15.35714, 9, 6],
			"to": [16.5, 10.14286, 7.14286],
			"rotation": {"angle": 45, "axis": "z", "origin": [8.5, 1, 6]},
			"faces": {
				"north": {"uv": [8, 6.85714, 6.85714, 8], "texture": "#0"},
				"east": {"uv": [6.85714, 6.85714, 8, 8], "texture": "#0"},
				"south": {"uv": [6.85714, 6.85714, 8, 8], "texture": "#0"},
				"west": {"uv": [6.85714, 6.85714, 8, 8], "texture": "#0"},
				"up": {"uv": [6.85714, 6.85714, 8, 8], "texture": "#0"},
				"down": {"uv": [6.85714, 6.85714, 8, 8], "texture": "#0"}
			}
		},
		{
			"name": "torment_arrow_27",
			"from": [16.5, 9, 6],
			"to": [17.64286, 10.14286, 7.14286],
			"rotation": {"angle": 45, "axis": "z", "origin": [8.5, 1, 6]},
			"faces": {
				"north": {"uv": [9.14286, 6.85714, 8, 8], "texture": "#0"},
				"east": {"uv": [8, 6.85714, 9.14286, 8], "texture": "#0"},
				"south": {"uv": [8, 6.85714, 9.14286, 8], "texture": "#0"},
				"west": {"uv": [8, 6.85714, 9.14286, 8], "texture": "#0"},
				"up": {"uv": [8, 6.85714, 9.14286, 8], "texture": "#0"},
				"down": {"uv": [8, 6.85714, 9.14286, 8], "texture": "#0"}
			}
		},
		{
			"name": "torment_arrow_28",
			"from": [17.64286, 9, 6],
			"to": [18.78571, 10.14286, 7.14286],
			"rotation": {"angle": 45, "axis": "z", "origin": [8.5, 1, 6]},
			"faces": {
				"north": {"uv": [10.28571, 6.85714, 9.14286, 8], "texture": "#0"},
				"east": {"uv": [9.14286, 6.85714, 10.28571, 8], "texture": "#0"},
				"south": {"uv": [9.14286, 6.85714, 10.28571, 8], "texture": "#0"},
				"west": {"uv": [9.14286, 6.85714, 10.28571, 8], "texture": "#0"},
				"up": {"uv": [9.14286, 6.85714, 10.28571, 8], "texture": "#0"},
				"down": {"uv": [9.14286, 6.85714, 10.28571, 8], "texture": "#0"}
			}
		},
		{
			"name": "torment_arrow_29",
			"from": [18.78571, 9, 6],
			"to": [19.92857, 10.14286, 7.14286],
			"rotation": {"angle": 45, "axis": "z", "origin": [8.5, 1, 6]},
			"faces": {
				"north": {"uv": [11.42857, 6.85714, 10.28571, 8], "texture": "#0"},
				"east": {"uv": [10.28571, 6.85714, 11.42857, 8], "texture": "#0"},
				"south": {"uv": [10.28571, 6.85714, 11.42857, 8], "texture": "#0"},
				"west": {"uv": [10.28571, 6.85714, 11.42857, 8], "texture": "#0"},
				"up": {"uv": [10.28571, 6.85714, 11.42857, 8], "texture": "#0"},
				"down": {"uv": [10.28571, 6.85714, 11.42857, 8], "texture": "#0"}
			}
		},
		{
			"name": "torment_arrow_30",
			"from": [19.92857, 9, 6],
			"to": [21.07143, 10.14286, 7.14286],
			"rotation": {"angle": 45, "axis": "z", "origin": [8.5, 1, 6]},
			"faces": {
				"north": {"uv": [12.57143, 6.85714, 11.42857, 8], "texture": "#0"},
				"east": {"uv": [11.42857, 6.85714, 12.57143, 8], "texture": "#0"},
				"south": {"uv": [11.42857, 6.85714, 12.57143, 8], "texture": "#0"},
				"west": {"uv": [11.42857, 6.85714, 12.57143, 8], "texture": "#0"},
				"up": {"uv": [11.42857, 6.85714, 12.57143, 8], "texture": "#0"},
				"down": {"uv": [11.42857, 6.85714, 12.57143, 8], "texture": "#0"}
			}
		},
		{
			"name": "torment_arrow_31",
			"from": [21.07143, 9, 6],
			"to": [22.21429, 10.14286, 7.14286],
			"rotation": {"angle": 45, "axis": "z", "origin": [8.5, 1, 6]},
			"faces": {
				"north": {"uv": [13.71429, 6.85714, 12.57143, 8], "texture": "#0"},
				"east": {"uv": [12.57143, 6.85714, 13.71429, 8], "texture": "#0"},
				"south": {"uv": [12.57143, 6.85714, 13.71429, 8], "texture": "#0"},
				"west": {"uv": [12.57143, 6.85714, 13.71429, 8], "texture": "#0"},
				"up": {"uv": [12.57143, 6.85714, 13.71429, 8], "texture": "#0"},
				"down": {"uv": [12.57143, 6.85714, 13.71429, 8], "texture": "#0"}
			}
		},
		{
			"name": "torment_arrow_32",
			"from": [14.21429, 7.85714, 6],
			"to": [15.35714, 9, 7.14286],
			"rotation": {"angle": 45, "axis": "z", "origin": [8.5, 1, 6]},
			"faces": {
				"north": {"uv": [6.85714, 8, 5.71429, 9.14286], "texture": "#0"},
				"east": {"uv": [5.71429, 8, 6.85714, 9.14286], "texture": "#0"},
				"south": {"uv": [5.71429, 8, 6.85714, 9.14286], "texture": "#0"},
				"west": {"uv": [5.71429, 8, 6.85714, 9.14286], "texture": "#0"},
				"up": {"uv": [5.71429, 8, 6.85714, 9.14286], "texture": "#0"},
				"down": {"uv": [5.71429, 8, 6.85714, 9.14286], "texture": "#0"}
			}
		},
		{
			"name": "torment_arrow_33",
			"from": [15.35714, 7.85714, 6],
			"to": [16.5, 9, 7.14286],
			"rotation": {"angle": 45, "axis": "z", "origin": [8.5, 1, 6]},
			"faces": {
				"north": {"uv": [8, 8, 6.85714, 9.14286], "texture": "#0"},
				"east": {"uv": [6.85714, 8, 8, 9.14286], "texture": "#0"},
				"south": {"uv": [6.85714, 8, 8, 9.14286], "texture": "#0"},
				"west": {"uv": [6.85714, 8, 8, 9.14286], "texture": "#0"},
				"up": {"uv": [6.85714, 8, 8, 9.14286], "texture": "#0"},
				"down": {"uv": [6.85714, 8, 8, 9.14286], "texture": "#0"}
			}
		},
		{
			"name": "torment_arrow_34",
			"from": [16.5, 7.85714, 6],
			"to": [17.64286, 9, 7.14286],
			"rotation": {"angle": 45, "axis": "z", "origin": [8.5, 1, 6]},
			"faces": {
				"north": {"uv": [9.14286, 8, 8, 9.14286], "texture": "#0"},
				"east": {"uv": [8, 8, 9.14286, 9.14286], "texture": "#0"},
				"south": {"uv": [8, 8, 9.14286, 9.14286], "texture": "#0"},
				"west": {"uv": [8, 8, 9.14286, 9.14286], "texture": "#0"},
				"up": {"uv": [8, 8, 9.14286, 9.14286], "texture": "#0"},
				"down": {"uv": [8, 8, 9.14286, 9.14286], "texture": "#0"}
			}
		},
		{
			"name": "torment_arrow_35",
			"from": [21.07143, 7.85714, 6],
			"to": [22.21429, 9, 7.14286],
			"rotation": {"angle": 45, "axis": "z", "origin": [8.5, 1, 6]},
			"faces": {
				"north": {"uv": [13.71429, 8, 12.57143, 9.14286], "texture": "#0"},
				"east": {"uv": [12.57143, 8, 13.71429, 9.14286], "texture": "#0"},
				"south": {"uv": [12.57143, 8, 13.71429, 9.14286], "texture": "#0"},
				"west": {"uv": [12.57143, 8, 13.71429, 9.14286], "texture": "#0"},
				"up": {"uv": [12.57143, 8, 13.71429, 9.14286], "texture": "#0"},
				"down": {"uv": [12.57143, 8, 13.71429, 9.14286], "texture": "#0"}
			}
		},
		{
			"name": "torment_arrow_36",
			"from": [22.21429, 7.85714, 6],
			"to": [23.35714, 9, 7.14286],
			"rotation": {"angle": 45, "axis": "z", "origin": [8.5, 1, 6]},
			"faces": {
				"north": {"uv": [14.85714, 8, 13.71429, 9.14286], "texture": "#0"},
				"east": {"uv": [13.71429, 8, 14.85714, 9.14286], "texture": "#0"},
				"south": {"uv": [13.71429, 8, 14.85714, 9.14286], "texture": "#0"},
				"west": {"uv": [13.71429, 8, 14.85714, 9.14286], "texture": "#0"},
				"up": {"uv": [13.71429, 8, 14.85714, 9.14286], "texture": "#0"},
				"down": {"uv": [13.71429, 8, 14.85714, 9.14286], "texture": "#0"}
			}
		},
		{
			"name": "torment_arrow_37",
			"from": [23.35714, 7.85714, 6],
			"to": [24.5, 9, 7.14286],
			"rotation": {"angle": 45, "axis": "z", "origin": [8.5, 1, 6]},
			"faces": {
				"north": {"uv": [16, 8, 14.85714, 9.14286], "texture": "#0"},
				"east": {"uv": [14.85714, 8, 16, 9.14286], "texture": "#0"},
				"south": {"uv": [14.85714, 8, 16, 9.14286], "texture": "#0"},
				"west": {"uv": [14.85714, 8, 16, 9.14286], "texture": "#0"},
				"up": {"uv": [14.85714, 8, 16, 9.14286], "texture": "#0"},
				"down": {"uv": [14.85714, 8, 16, 9.14286], "texture": "#0"}
			}
		},
		{
			"name": "torment_arrow_38",
			"from": [13.07143, 6.71429, 6],
			"to": [14.21429, 7.85714, 7.14286],
			"rotation": {"angle": 45, "axis": "z", "origin": [8.5, 1, 6]},
			"faces": {
				"north": {"uv": [5.71429, 9.14286, 4.57143, 10.28571], "texture": "#0"},
				"east": {"uv": [4.57143, 9.14286, 5.71429, 10.28571], "texture": "#0"},
				"south": {"uv": [4.57143, 9.14286, 5.71429, 10.28571], "texture": "#0"},
				"west": {"uv": [4.57143, 9.14286, 5.71429, 10.28571], "texture": "#0"},
				"up": {"uv": [4.57143, 9.14286, 5.71429, 10.28571], "texture": "#0"},
				"down": {"uv": [4.57143, 9.14286, 5.71429, 10.28571], "texture": "#0"}
			}
		},
		{
			"name": "torment_arrow_39",
			"from": [14.21429, 6.71429, 6],
			"to": [15.35714, 7.85714, 7.14286],
			"rotation": {"angle": 45, "axis": "z", "origin": [8.5, 1, 6]},
			"faces": {
				"north": {"uv": [6.85714, 9.14286, 5.71429, 10.28571], "texture": "#0"},
				"east": {"uv": [5.71429, 9.14286, 6.85714, 10.28571], "texture": "#0"},
				"south": {"uv": [5.71429, 9.14286, 6.85714, 10.28571], "texture": "#0"},
				"west": {"uv": [5.71429, 9.14286, 6.85714, 10.28571], "texture": "#0"},
				"up": {"uv": [5.71429, 9.14286, 6.85714, 10.28571], "texture": "#0"},
				"down": {"uv": [5.71429, 9.14286, 6.85714, 10.28571], "texture": "#0"}
			}
		},
		{
			"name": "torment_arrow_40",
			"from": [15.35714, 6.71429, 6],
			"to": [16.5, 7.85714, 7.14286],
			"rotation": {"angle": 45, "axis": "z", "origin": [8.5, 1, 6]},
			"faces": {
				"north": {"uv": [8, 9.14286, 6.85714, 10.28571], "texture": "#0"},
				"east": {"uv": [6.85714, 9.14286, 8, 10.28571], "texture": "#0"},
				"south": {"uv": [6.85714, 9.14286, 8, 10.28571], "texture": "#0"},
				"west": {"uv": [6.85714, 9.14286, 8, 10.28571], "texture": "#0"},
				"up": {"uv": [6.85714, 9.14286, 8, 10.28571], "texture": "#0"},
				"down": {"uv": [6.85714, 9.14286, 8, 10.28571], "texture": "#0"}
			}
		},
		{
			"name": "torment_arrow_41",
			"from": [11.92857, 5.57143, 6],
			"to": [13.07143, 6.71429, 7.14286],
			"rotation": {"angle": 45, "axis": "z", "origin": [8.5, 1, 6]},
			"faces": {
				"north": {"uv": [4.57143, 10.28571, 3.42857, 11.42857], "texture": "#0"},
				"east": {"uv": [3.42857, 10.28571, 4.57143, 11.42857], "texture": "#0"},
				"south": {"uv": [3.42857, 10.28571, 4.57143, 11.42857], "texture": "#0"},
				"west": {"uv": [3.42857, 10.28571, 4.57143, 11.42857], "texture": "#0"},
				"up": {"uv": [3.42857, 10.28571, 4.57143, 11.42857], "texture": "#0"},
				"down": {"uv": [3.42857, 10.28571, 4.57143, 11.42857], "texture": "#0"}
			}
		},
		{
			"name": "torment_arrow_42",
			"from": [13.07143, 5.57143, 6],
			"to": [14.21429, 6.71429, 7.14286],
			"rotation": {"angle": 45, "axis": "z", "origin": [8.5, 1, 6]},
			"faces": {
				"north": {"uv": [5.71429, 10.28571, 4.57143, 11.42857], "texture": "#0"},
				"east": {"uv": [4.57143, 10.28571, 5.71429, 11.42857], "texture": "#0"},
				"south": {"uv": [4.57143, 10.28571, 5.71429, 11.42857], "texture": "#0"},
				"west": {"uv": [4.57143, 10.28571, 5.71429, 11.42857], "texture": "#0"},
				"up": {"uv": [4.57143, 10.28571, 5.71429, 11.42857], "texture": "#0"},
				"down": {"uv": [4.57143, 10.28571, 5.71429, 11.42857], "texture": "#0"}
			}
		},
		{
			"name": "torment_arrow_43",
			"from": [14.21429, 5.57143, 6],
			"to": [15.35714, 6.71429, 7.14286],
			"rotation": {"angle": 45, "axis": "z", "origin": [8.5, 1, 6]},
			"faces": {
				"north": {"uv": [6.85714, 10.28571, 5.71429, 11.42857], "texture": "#0"},
				"east": {"uv": [5.71429, 10.28571, 6.85714, 11.42857], "texture": "#0"},
				"south": {"uv": [5.71429, 10.28571, 6.85714, 11.42857], "texture": "#0"},
				"west": {"uv": [5.71429, 10.28571, 6.85714, 11.42857], "texture": "#0"},
				"up": {"uv": [5.71429, 10.28571, 6.85714, 11.42857], "texture": "#0"},
				"down": {"uv": [5.71429, 10.28571, 6.85714, 11.42857], "texture": "#0"}
			}
		},
		{
			"name": "torment_arrow_44",
			"from": [10.78571, 4.42857, 6],
			"to": [11.92857, 5.57143, 7.14286],
			"rotation": {"angle": 45, "axis": "z", "origin": [8.5, 1, 6]},
			"faces": {
				"north": {"uv": [3.42857, 11.42857, 2.28571, 12.57143], "texture": "#0"},
				"east": {"uv": [2.28571, 11.42857, 3.42857, 12.57143], "texture": "#0"},
				"south": {"uv": [2.28571, 11.42857, 3.42857, 12.57143], "texture": "#0"},
				"west": {"uv": [2.28571, 11.42857, 3.42857, 12.57143], "texture": "#0"},
				"up": {"uv": [2.28571, 11.42857, 3.42857, 12.57143], "texture": "#0"},
				"down": {"uv": [2.28571, 11.42857, 3.42857, 12.57143], "texture": "#0"}
			}
		},
		{
			"name": "torment_arrow_45",
			"from": [11.92857, 4.42857, 6],
			"to": [13.07143, 5.57143, 7.14286],
			"rotation": {"angle": 45, "axis": "z", "origin": [8.5, 1, 6]},
			"faces": {
				"north": {"uv": [4.57143, 11.42857, 3.42857, 12.57143], "texture": "#0"},
				"east": {"uv": [3.42857, 11.42857, 4.57143, 12.57143], "texture": "#0"},
				"south": {"uv": [3.42857, 11.42857, 4.57143, 12.57143], "texture": "#0"},
				"west": {"uv": [3.42857, 11.42857, 4.57143, 12.57143], "texture": "#0"},
				"up": {"uv": [3.42857, 11.42857, 4.57143, 12.57143], "texture": "#0"},
				"down": {"uv": [3.42857, 11.42857, 4.57143, 12.57143], "texture": "#0"}
			}
		},
		{
			"name": "torment_arrow_46",
			"from": [13.07143, 4.42857, 6],
			"to": [14.21429, 5.57143, 7.14286],
			"rotation": {"angle": 45, "axis": "z", "origin": [8.5, 1, 6]},
			"faces": {
				"north": {"uv": [5.71429, 11.42857, 4.57143, 12.57143], "texture": "#0"},
				"east": {"uv": [4.57143, 11.42857, 5.71429, 12.57143], "texture": "#0"},
				"south": {"uv": [4.57143, 11.42857, 5.71429, 12.57143], "texture": "#0"},
				"west": {"uv": [4.57143, 11.42857, 5.71429, 12.57143], "texture": "#0"},
				"up": {"uv": [4.57143, 11.42857, 5.71429, 12.57143], "texture": "#0"},
				"down": {"uv": [4.57143, 11.42857, 5.71429, 12.57143], "texture": "#0"}
			}
		},
		{
			"name": "torment_arrow_47",
			"from": [9.64286, 3.28571, 6],
			"to": [10.78571, 4.42857, 7.14286],
			"rotation": {"angle": 45, "axis": "z", "origin": [8.5, 1, 6]},
			"faces": {
				"north": {"uv": [2.28571, 12.57143, 1.14286, 13.71429], "texture": "#0"},
				"east": {"uv": [1.14286, 12.57143, 2.28571, 13.71429], "texture": "#0"},
				"south": {"uv": [1.14286, 12.57143, 2.28571, 13.71429], "texture": "#0"},
				"west": {"uv": [1.14286, 12.57143, 2.28571, 13.71429], "texture": "#0"},
				"up": {"uv": [1.14286, 12.57143, 2.28571, 13.71429], "texture": "#0"},
				"down": {"uv": [1.14286, 12.57143, 2.28571, 13.71429], "texture": "#0"}
			}
		},
		{
			"name": "torment_arrow_48",
			"from": [10.78571, 3.28571, 6],
			"to": [11.92857, 4.42857, 7.14286],
			"rotation": {"angle": 45, "axis": "z", "origin": [8.5, 1, 6]},
			"faces": {
				"north": {"uv": [3.42857, 12.57143, 2.28571, 13.71429], "texture": "#0"},
				"east": {"uv": [2.28571, 12.57143, 3.42857, 13.71429], "texture": "#0"},
				"south": {"uv": [2.28571, 12.57143, 3.42857, 13.71429], "texture": "#0"},
				"west": {"uv": [2.28571, 12.57143, 3.42857, 13.71429], "texture": "#0"},
				"up": {"uv": [2.28571, 12.57143, 3.42857, 13.71429], "texture": "#0"},
				"down": {"uv": [2.28571, 12.57143, 3.42857, 13.71429], "texture": "#0"}
			}
		},
		{
			"name": "torment_arrow_49",
			"from": [11.92857, 3.28571, 6],
			"to": [13.07143, 4.42857, 7.14286],
			"rotation": {"angle": 45, "axis": "z", "origin": [8.5, 1, 6]},
			"faces": {
				"north": {"uv": [4.57143, 12.57143, 3.42857, 13.71429], "texture": "#0"},
				"east": {"uv": [3.42857, 12.57143, 4.57143, 13.71429], "texture": "#0"},
				"south": {"uv": [3.42857, 12.57143, 4.57143, 13.71429], "texture": "#0"},
				"west": {"uv": [3.42857, 12.57143, 4.57143, 13.71429], "texture": "#0"},
				"up": {"uv": [3.42857, 12.57143, 4.57143, 13.71429], "texture": "#0"},
				"down": {"uv": [3.42857, 12.57143, 4.57143, 13.71429], "texture": "#0"}
			}
		},
		{
			"name": "torment_arrow_50",
			"from": [8.5, 2.14286, 6],
			"to": [9.64286, 3.28571, 7.14286],
			"rotation": {"angle": 45, "axis": "z", "origin": [8.5, 1, 6]},
			"faces": {
				"north": {"uv": [1.14286, 13.71429, 0, 14.85714], "texture": "#0"},
				"east": {"uv": [0, 13.71429, 1.14286, 14.85714], "texture": "#0"},
				"south": {"uv": [0, 13.71429, 1.14286, 14.85714], "texture": "#0"},
				"west": {"uv": [0, 13.71429, 1.14286, 14.85714], "texture": "#0"},
				"up": {"uv": [0, 13.71429, 1.14286, 14.85714], "texture": "#0"},
				"down": {"uv": [0, 13.71429, 1.14286, 14.85714], "texture": "#0"}
			}
		},
		{
			"name": "torment_arrow_51",
			"from": [9.64286, 2.14286, 6],
			"to": [10.78571, 3.28571, 7.14286],
			"rotation": {"angle": 45, "axis": "z", "origin": [8.5, 1, 6]},
			"faces": {
				"north": {"uv": [2.28571, 13.71429, 1.14286, 14.85714], "texture": "#0"},
				"east": {"uv": [1.14286, 13.71429, 2.28571, 14.85714], "texture": "#0"},
				"south": {"uv": [1.14286, 13.71429, 2.28571, 14.85714], "texture": "#0"},
				"west": {"uv": [1.14286, 13.71429, 2.28571, 14.85714], "texture": "#0"},
				"up": {"uv": [1.14286, 13.71429, 2.28571, 14.85714], "texture": "#0"},
				"down": {"uv": [1.14286, 13.71429, 2.28571, 14.85714], "texture": "#0"}
			}
		},
		{
			"name": "torment_arrow_52",
			"from": [10.78571, 2.14286, 6],
			"to": [11.92857, 3.28571, 7.14286],
			"rotation": {"angle": 45, "axis": "z", "origin": [8.5, 1, 6]},
			"faces": {
				"north": {"uv": [3.42857, 13.71429, 2.28571, 14.85714], "texture": "#0"},
				"east": {"uv": [2.28571, 13.71429, 3.42857, 14.85714], "texture": "#0"},
				"south": {"uv": [2.28571, 13.71429, 3.42857, 14.85714], "texture": "#0"},
				"west": {"uv": [2.28571, 13.71429, 3.42857, 14.85714], "texture": "#0"},
				"up": {"uv": [2.28571, 13.71429, 3.42857, 14.85714], "texture": "#0"},
				"down": {"uv": [2.28571, 13.71429, 3.42857, 14.85714], "texture": "#0"}
			}
		},
		{
			"name": "torment_arrow_53",
			"from": [8.5, 1, 6],
			"to": [9.64286, 2.14286, 7.14286],
			"rotation": {"angle": 45, "axis": "z", "origin": [8.5, 1, 6]},
			"faces": {
				"north": {"uv": [1.14286, 14.85714, 0, 16], "texture": "#0"},
				"east": {"uv": [0, 14.85714, 1.14286, 16], "texture": "#0"},
				"south": {"uv": [0, 14.85714, 1.14286, 16], "texture": "#0"},
				"west": {"uv": [0, 14.85714, 1.14286, 16], "texture": "#0"},
				"up": {"uv": [0, 14.85714, 1.14286, 16], "texture": "#0"},
				"down": {"uv": [0, 14.85714, 1.14286, 16], "texture": "#0"}
			}
		},
		{
			"name": "torment_arrow_54",
			"from": [9.64286, 1, 6],
			"to": [10.78571, 2.14286, 7.14286],
			"rotation": {"angle": 45, "axis": "z", "origin": [8.5, 1, 6]},
			"faces": {
				"north": {"uv": [2.28571, 14.85714, 1.14286, 16], "texture": "#0"},
				"east": {"uv": [1.14286, 14.85714, 2.28571, 16], "texture": "#0"},
				"south": {"uv": [1.14286, 14.85714, 2.28571, 16], "texture": "#0"},
				"west": {"uv": [1.14286, 14.85714, 2.28571, 16], "texture": "#0"},
				"up": {"uv": [1.14286, 14.85714, 2.28571, 16], "texture": "#0"},
				"down": {"uv": [1.14286, 14.85714, 2.28571, 16], "texture": "#0"}
			}
		},
		{
			"from": [6, 0, 8],
			"to": [11, 14, 8],
			"faces": {
				"north": {"uv": [12, 0, 9.5, 7], "texture": "#1"},
				"east": {"uv": [0, 0, 0, 14], "texture": "#1"},
				"south": {"uv": [1.5, 0, 4, 7], "texture": "#1"},
				"west": {"uv": [0, 0, 0, 14], "texture": "#1"},
				"up": {"uv": [0, 0, 5, 0], "texture": "#1"},
				"down": {"uv": [0, 0, 5, 0], "texture": "#1"}
			}
		},
		{
			"from": [6, 0, 5],
			"to": [11, 14, 5],
			"faces": {
				"north": {"uv": [5.5, 0, 8, 7], "texture": "#1"},
				"east": {"uv": [0, 0, 0, 14], "texture": "#1"},
				"south": {"uv": [16, 0, 13.5, 7], "texture": "#1"},
				"west": {"uv": [0, 0, 0, 14], "texture": "#1"},
				"up": {"uv": [0, 0, 5, 0], "texture": "#1"},
				"down": {"uv": [0, 0, 5, 0], "texture": "#1"}
			}
		},
		{
			"from": [6, 0, 5],
			"to": [6, 14, 8],
			"faces": {
				"north": {"uv": [0, 0, 0, 14], "texture": "#1"},
				"east": {"uv": [9.5, 0, 8, 7], "texture": "#1"},
				"south": {"uv": [0, 0, 0, 14], "texture": "#1"},
				"west": {"uv": [0, 0, 1.5, 7], "texture": "#1"},
				"up": {"uv": [0, 0, 0, 3], "texture": "#1"},
				"down": {"uv": [0, 0, 0, 3], "texture": "#1"}
			}
		},
		{
			"from": [11, 0, 5],
			"to": [11, 14, 8],
			"faces": {
				"north": {"uv": [0, 0, 0, 14], "texture": "#1"},
				"east": {"uv": [4, 0, 5.5, 7], "texture": "#1"},
				"south": {"uv": [0, 0, 0, 14], "texture": "#1"},
				"west": {"uv": [13.5, 0, 12, 7], "texture": "#1"},
				"up": {"uv": [0, 0, 0, 3], "texture": "#1"},
				"down": {"uv": [0, 0, 0, 3], "texture": "#1"}
			}
		},
		{
			"from": [6, 0, 5],
			"to": [11, 0, 8],
			"faces": {
				"north": {"uv": [0, 0, 5, 0], "texture": "#1"},
				"east": {"uv": [0, 0, 3, 0], "texture": "#1"},
				"south": {"uv": [0, 0, 5, 0], "texture": "#1"},
				"west": {"uv": [0, 0, 3, 0], "texture": "#1"},
				"up": {"uv": [9.5, 7, 12, 8.5], "texture": "#1"},
				"down": {"uv": [1.5, 7, 4, 8.5], "texture": "#1"}
			}
		},
		{
			"from": [11, 1, 6.5],
			"to": [15, 12, 6.5],
			"faces": {
				"north": {"uv": [5.5, 8.5, 0, 10.5], "rotation": 90, "texture": "#1"},
				"east": {"uv": [0, 0, 0, 14], "texture": "#1"},
				"south": {"uv": [0, 8.5, 5.5, 10.5], "rotation": 270, "texture": "#1"},
				"west": {"uv": [0, 0, 0, 14], "texture": "#1"},
				"up": {"uv": [0, 0, 5, 0], "texture": "#1"},
				"down": {"uv": [0, 0, 5, 0], "texture": "#1"}
			}
		}
	],
	"gui_light": "front",
	"display": {
		"thirdperson_righthand": {
			"rotation": [0, 180, 0],
			"translation": [0, 3, 1],
			"scale": [0.55, 0.55, 0.55]
		},
		"thirdperson_lefthand": {
			"rotation": [0, 180, 0],
			"translation": [0, 3, 1],
			"scale": [0.55, 0.55, 0.55]
		},
		"firstperson_righthand": {
			"rotation": [0, -90, 25],
			"translation": [1.13, 3.2, 1.13],
			"scale": [0.68, 0.68, 0.68]
		},
		"firstperson_lefthand": {
			"rotation": [0, -90, 25],
			"translation": [1.88, 3.2, 1.13],
			"scale": [0.68, 0.68, 0.68]
		},
		"ground": {
			"rotation": [0, 0, 45],
			"translation": [0, 2, 0.75],
			"scale": [0.5, 0.5, 0.5]
		},
		"gui": {
			"rotation": [0, 0, -45],
			"translation": [-1.25, -1, 0],
			"scale": [0.7, 0.7, 0.7]
		},
		"fixed": {
			"rotation": [0, 180, -45],
			"translation": [1.75, -1.1, -1.5]
		}
	},
	"groups": [
		{
			"name": "torment_arrow",
			"origin": [8, 8, 8],
			"color": 0,
			"children": [
				0,
				1,
				2,
				3,
				4,
				5,
				6,
				7,
				8,
				9,
				10,
				11,
				12,
				13,
				14,
				15,
				16,
				17,
				18,
				19,
				20,
				21,
				22,
				23,
				24,
				25,
				26,
				27,
				28,
				29,
				30,
				31,
				32,
				33,
				34,
				35,
				36,
				37,
				38,
				39,
				40,
				41,
				42,
				43,
				44,
				45,
				46,
				47,
				48,
				49,
				50,
				51,
				52,
				53,
				54
			]
		},
		{
			"name": "quiver",
			"origin": [0, 0, 0],
			"color": 0,
			"children": [55, 56, 57, 58, 59, 60]
		}
	]
}