{
	"credit": "Made with Blockbench",
	"parent": "iron_axe",
	"textures": {
		"0": "item/anchor",
		"particle": "item/anchor"
	},
	"elements": [
		{
			"name": "anchor_0",
			"from": [5.6, 15.2, 7.6],
			"to": [6.4, 16, 8.4],
			"faces": {
				"north": {"uv": [6.4, 0, 5.6, 0.8], "texture": "#0"},
				"east": {"uv": [5.6, 0, 6.4, 0.8], "texture": "#0"},
				"south": {"uv": [5.6, 0, 6.4, 0.8], "texture": "#0"},
				"west": {"uv": [5.6, 0, 6.4, 0.8], "texture": "#0"},
				"up": {"uv": [5.6, 0, 6.4, 0.8], "texture": "#0"},
				"down": {"uv": [5.6, 0, 6.4, 0.8], "texture": "#0"}
			}
		},
		{
			"name": "anchor_1",
			"from": [6.4, 15.2, 7.6],
			"to": [7.2, 16, 8.4],
			"faces": {
				"north": {"uv": [7.2, 0, 6.4, 0.8], "texture": "#0"},
				"east": {"uv": [6.4, 0, 7.2, 0.8], "texture": "#0"},
				"south": {"uv": [6.4, 0, 7.2, 0.8], "texture": "#0"},
				"west": {"uv": [6.4, 0, 7.2, 0.8], "texture": "#0"},
				"up": {"uv": [6.4, 0, 7.2, 0.8], "texture": "#0"},
				"down": {"uv": [6.4, 0, 7.2, 0.8], "texture": "#0"}
			}
		},
		{
			"name": "anchor_2",
			"from": [7.2, 15.2, 7.6],
			"to": [8, 16, 8.4],
			"faces": {
				"north": {"uv": [8, 0, 7.2, 0.8], "texture": "#0"},
				"east": {"uv": [7.2, 0, 8, 0.8], "texture": "#0"},
				"south": {"uv": [7.2, 0, 8, 0.8], "texture": "#0"},
				"west": {"uv": [7.2, 0, 8, 0.8], "texture": "#0"},
				"up": {"uv": [7.2, 0, 8, 0.8], "texture": "#0"},
				"down": {"uv": [7.2, 0, 8, 0.8], "texture": "#0"}
			}
		},
		{
			"name": "anchor_3",
			"from": [8, 15.2, 7.6],
			"to": [8.8, 16, 8.4],
			"faces": {
				"north": {"uv": [8.8, 0, 8, 0.8], "texture": "#0"},
				"east": {"uv": [8, 0, 8.8, 0.8], "texture": "#0"},
				"south": {"uv": [8, 0, 8.8, 0.8], "texture": "#0"},
				"west": {"uv": [8, 0, 8.8, 0.8], "texture": "#0"},
				"up": {"uv": [8, 0, 8.8, 0.8], "texture": "#0"},
				"down": {"uv": [8, 0, 8.8, 0.8], "texture": "#0"}
			}
		},
		{
			"name": "anchor_4",
			"from": [8.8, 15.2, 7.6],
			"to": [9.6, 16, 8.4],
			"faces": {
				"north": {"uv": [9.6, 0, 8.8, 0.8], "texture": "#0"},
				"east": {"uv": [8.8, 0, 9.6, 0.8], "texture": "#0"},
				"south": {"uv": [8.8, 0, 9.6, 0.8], "texture": "#0"},
				"west": {"uv": [8.8, 0, 9.6, 0.8], "texture": "#0"},
				"up": {"uv": [8.8, 0, 9.6, 0.8], "texture": "#0"},
				"down": {"uv": [8.8, 0, 9.6, 0.8], "texture": "#0"}
			}
		},
		{
			"name": "anchor_5",
			"from": [9.6, 15.2, 7.6],
			"to": [10.4, 16, 8.4],
			"faces": {
				"north": {"uv": [10.4, 0, 9.6, 0.8], "texture": "#0"},
				"east": {"uv": [9.6, 0, 10.4, 0.8], "texture": "#0"},
				"south": {"uv": [9.6, 0, 10.4, 0.8], "texture": "#0"},
				"west": {"uv": [9.6, 0, 10.4, 0.8], "texture": "#0"},
				"up": {"uv": [9.6, 0, 10.4, 0.8], "texture": "#0"},
				"down": {"uv": [9.6, 0, 10.4, 0.8], "texture": "#0"}
			}
		},
		{
			"name": "anchor_6",
			"from": [10.4, 15.2, 7.6],
			"to": [11.2, 16, 8.4],
			"faces": {
				"north": {"uv": [11.2, 0, 10.4, 0.8], "texture": "#0"},
				"east": {"uv": [10.4, 0, 11.2, 0.8], "texture": "#0"},
				"south": {"uv": [10.4, 0, 11.2, 0.8], "texture": "#0"},
				"west": {"uv": [10.4, 0, 11.2, 0.8], "texture": "#0"},
				"up": {"uv": [10.4, 0, 11.2, 0.8], "texture": "#0"},
				"down": {"uv": [10.4, 0, 11.2, 0.8], "texture": "#0"}
			}
		},
		{
			"name": "anchor_7",
			"from": [11.2, 15.2, 7.6],
			"to": [12, 16, 8.4],
			"faces": {
				"north": {"uv": [12, 0, 11.2, 0.8], "texture": "#0"},
				"east": {"uv": [11.2, 0, 12, 0.8], "texture": "#0"},
				"south": {"uv": [11.2, 0, 12, 0.8], "texture": "#0"},
				"west": {"uv": [11.2, 0, 12, 0.8], "texture": "#0"},
				"up": {"uv": [11.2, 0, 12, 0.8], "texture": "#0"},
				"down": {"uv": [11.2, 0, 12, 0.8], "texture": "#0"}
			}
		},
		{
			"name": "anchor_8",
			"from": [4, 14.4, 7.6],
			"to": [4.8, 15.2, 8.4],
			"faces": {
				"north": {"uv": [4.8, 0.8, 4, 1.6], "texture": "#0"},
				"east": {"uv": [4, 0.8, 4.8, 1.6], "texture": "#0"},
				"south": {"uv": [4, 0.8, 4.8, 1.6], "texture": "#0"},
				"west": {"uv": [4, 0.8, 4.8, 1.6], "texture": "#0"},
				"up": {"uv": [4, 0.8, 4.8, 1.6], "texture": "#0"},
				"down": {"uv": [4, 0.8, 4.8, 1.6], "texture": "#0"}
			}
		},
		{
			"name": "anchor_9",
			"from": [4.8, 14.4, 7.6],
			"to": [5.6, 15.2, 8.4],
			"faces": {
				"north": {"uv": [5.6, 0.8, 4.8, 1.6], "texture": "#0"},
				"east": {"uv": [4.8, 0.8, 5.6, 1.6], "texture": "#0"},
				"south": {"uv": [4.8, 0.8, 5.6, 1.6], "texture": "#0"},
				"west": {"uv": [4.8, 0.8, 5.6, 1.6], "texture": "#0"},
				"up": {"uv": [4.8, 0.8, 5.6, 1.6], "texture": "#0"},
				"down": {"uv": [4.8, 0.8, 5.6, 1.6], "texture": "#0"}
			}
		},
		{
			"name": "anchor_10",
			"from": [5.6, 14.4, 7.6],
			"to": [6.4, 15.2, 8.4],
			"faces": {
				"north": {"uv": [6.4, 0.8, 5.6, 1.6], "texture": "#0"},
				"east": {"uv": [5.6, 0.8, 6.4, 1.6], "texture": "#0"},
				"south": {"uv": [5.6, 0.8, 6.4, 1.6], "texture": "#0"},
				"west": {"uv": [5.6, 0.8, 6.4, 1.6], "texture": "#0"},
				"up": {"uv": [5.6, 0.8, 6.4, 1.6], "texture": "#0"},
				"down": {"uv": [5.6, 0.8, 6.4, 1.6], "texture": "#0"}
			}
		},
		{
			"name": "anchor_11",
			"from": [6.4, 14.4, 7.6],
			"to": [7.2, 15.2, 8.4],
			"faces": {
				"north": {"uv": [7.2, 0.8, 6.4, 1.6], "texture": "#0"},
				"east": {"uv": [6.4, 0.8, 7.2, 1.6], "texture": "#0"},
				"south": {"uv": [6.4, 0.8, 7.2, 1.6], "texture": "#0"},
				"west": {"uv": [6.4, 0.8, 7.2, 1.6], "texture": "#0"},
				"up": {"uv": [6.4, 0.8, 7.2, 1.6], "texture": "#0"},
				"down": {"uv": [6.4, 0.8, 7.2, 1.6], "texture": "#0"}
			}
		},
		{
			"name": "anchor_12",
			"from": [7.2, 14.4, 7.6],
			"to": [8, 15.2, 8.4],
			"faces": {
				"north": {"uv": [8, 0.8, 7.2, 1.6], "texture": "#0"},
				"east": {"uv": [7.2, 0.8, 8, 1.6], "texture": "#0"},
				"south": {"uv": [7.2, 0.8, 8, 1.6], "texture": "#0"},
				"west": {"uv": [7.2, 0.8, 8, 1.6], "texture": "#0"},
				"up": {"uv": [7.2, 0.8, 8, 1.6], "texture": "#0"},
				"down": {"uv": [7.2, 0.8, 8, 1.6], "texture": "#0"}
			}
		},
		{
			"name": "anchor_13",
			"from": [8, 14.4, 7.6],
			"to": [8.8, 15.2, 8.4],
			"faces": {
				"north": {"uv": [8.8, 0.8, 8, 1.6], "texture": "#0"},
				"east": {"uv": [8, 0.8, 8.8, 1.6], "texture": "#0"},
				"south": {"uv": [8, 0.8, 8.8, 1.6], "texture": "#0"},
				"west": {"uv": [8, 0.8, 8.8, 1.6], "texture": "#0"},
				"up": {"uv": [8, 0.8, 8.8, 1.6], "texture": "#0"},
				"down": {"uv": [8, 0.8, 8.8, 1.6], "texture": "#0"}
			}
		},
		{
			"name": "anchor_14",
			"from": [8.8, 14.4, 7.6],
			"to": [9.6, 15.2, 8.4],
			"faces": {
				"north": {"uv": [9.6, 0.8, 8.8, 1.6], "texture": "#0"},
				"east": {"uv": [8.8, 0.8, 9.6, 1.6], "texture": "#0"},
				"south": {"uv": [8.8, 0.8, 9.6, 1.6], "texture": "#0"},
				"west": {"uv": [8.8, 0.8, 9.6, 1.6], "texture": "#0"},
				"up": {"uv": [8.8, 0.8, 9.6, 1.6], "texture": "#0"},
				"down": {"uv": [8.8, 0.8, 9.6, 1.6], "texture": "#0"}
			}
		},
		{
			"name": "anchor_15",
			"from": [9.6, 14.4, 7.6],
			"to": [10.4, 15.2, 8.4],
			"faces": {
				"north": {"uv": [10.4, 0.8, 9.6, 1.6], "texture": "#0"},
				"east": {"uv": [9.6, 0.8, 10.4, 1.6], "texture": "#0"},
				"south": {"uv": [9.6, 0.8, 10.4, 1.6], "texture": "#0"},
				"west": {"uv": [9.6, 0.8, 10.4, 1.6], "texture": "#0"},
				"up": {"uv": [9.6, 0.8, 10.4, 1.6], "texture": "#0"},
				"down": {"uv": [9.6, 0.8, 10.4, 1.6], "texture": "#0"}
			}
		},
		{
			"name": "anchor_16",
			"from": [10.4, 14.4, 7.6],
			"to": [11.2, 15.2, 8.4],
			"faces": {
				"north": {"uv": [11.2, 0.8, 10.4, 1.6], "texture": "#0"},
				"east": {"uv": [10.4, 0.8, 11.2, 1.6], "texture": "#0"},
				"south": {"uv": [10.4, 0.8, 11.2, 1.6], "texture": "#0"},
				"west": {"uv": [10.4, 0.8, 11.2, 1.6], "texture": "#0"},
				"up": {"uv": [10.4, 0.8, 11.2, 1.6], "texture": "#0"},
				"down": {"uv": [10.4, 0.8, 11.2, 1.6], "texture": "#0"}
			}
		},
		{
			"name": "anchor_17",
			"from": [11.2, 14.4, 7.6],
			"to": [12, 15.2, 8.4],
			"faces": {
				"north": {"uv": [12, 0.8, 11.2, 1.6], "texture": "#0"},
				"east": {"uv": [11.2, 0.8, 12, 1.6], "texture": "#0"},
				"south": {"uv": [11.2, 0.8, 12, 1.6], "texture": "#0"},
				"west": {"uv": [11.2, 0.8, 12, 1.6], "texture": "#0"},
				"up": {"uv": [11.2, 0.8, 12, 1.6], "texture": "#0"},
				"down": {"uv": [11.2, 0.8, 12, 1.6], "texture": "#0"}
			}
		},
		{
			"name": "anchor_18",
			"from": [3.2, 13.6, 7.6],
			"to": [4, 14.4, 8.4],
			"faces": {
				"north": {"uv": [4, 1.6, 3.2, 2.4], "texture": "#0"},
				"east": {"uv": [3.2, 1.6, 4, 2.4], "texture": "#0"},
				"south": {"uv": [3.2, 1.6, 4, 2.4], "texture": "#0"},
				"west": {"uv": [3.2, 1.6, 4, 2.4], "texture": "#0"},
				"up": {"uv": [3.2, 1.6, 4, 2.4], "texture": "#0"},
				"down": {"uv": [3.2, 1.6, 4, 2.4], "texture": "#0"}
			}
		},
		{
			"name": "anchor_19",
			"from": [4, 13.6, 7.6],
			"to": [4.8, 14.4, 8.4],
			"faces": {
				"north": {"uv": [4.8, 1.6, 4, 2.4], "texture": "#0"},
				"east": {"uv": [4, 1.6, 4.8, 2.4], "texture": "#0"},
				"south": {"uv": [4, 1.6, 4.8, 2.4], "texture": "#0"},
				"west": {"uv": [4, 1.6, 4.8, 2.4], "texture": "#0"},
				"up": {"uv": [4, 1.6, 4.8, 2.4], "texture": "#0"},
				"down": {"uv": [4, 1.6, 4.8, 2.4], "texture": "#0"}
			}
		},
		{
			"name": "anchor_20",
			"from": [4.8, 13.6, 7.6],
			"to": [5.6, 14.4, 8.4],
			"faces": {
				"north": {"uv": [5.6, 1.6, 4.8, 2.4], "texture": "#0"},
				"east": {"uv": [4.8, 1.6, 5.6, 2.4], "texture": "#0"},
				"south": {"uv": [4.8, 1.6, 5.6, 2.4], "texture": "#0"},
				"west": {"uv": [4.8, 1.6, 5.6, 2.4], "texture": "#0"},
				"up": {"uv": [4.8, 1.6, 5.6, 2.4], "texture": "#0"},
				"down": {"uv": [4.8, 1.6, 5.6, 2.4], "texture": "#0"}
			}
		},
		{
			"name": "anchor_21",
			"from": [10.4, 13.6, 7.6],
			"to": [11.2, 14.4, 8.4],
			"faces": {
				"north": {"uv": [11.2, 1.6, 10.4, 2.4], "texture": "#0"},
				"east": {"uv": [10.4, 1.6, 11.2, 2.4], "texture": "#0"},
				"south": {"uv": [10.4, 1.6, 11.2, 2.4], "texture": "#0"},
				"west": {"uv": [10.4, 1.6, 11.2, 2.4], "texture": "#0"},
				"up": {"uv": [10.4, 1.6, 11.2, 2.4], "texture": "#0"},
				"down": {"uv": [10.4, 1.6, 11.2, 2.4], "texture": "#0"}
			}
		},
		{
			"name": "anchor_22",
			"from": [11.2, 13.6, 7.6],
			"to": [12, 14.4, 8.4],
			"faces": {
				"north": {"uv": [12, 1.6, 11.2, 2.4], "texture": "#0"},
				"east": {"uv": [11.2, 1.6, 12, 2.4], "texture": "#0"},
				"south": {"uv": [11.2, 1.6, 12, 2.4], "texture": "#0"},
				"west": {"uv": [11.2, 1.6, 12, 2.4], "texture": "#0"},
				"up": {"uv": [11.2, 1.6, 12, 2.4], "texture": "#0"},
				"down": {"uv": [11.2, 1.6, 12, 2.4], "texture": "#0"}
			}
		},
		{
			"name": "anchor_23",
			"from": [12, 13.6, 7.6],
			"to": [12.8, 14.4, 8.4],
			"faces": {
				"north": {"uv": [12.8, 1.6, 12, 2.4], "texture": "#0"},
				"east": {"uv": [12, 1.6, 12.8, 2.4], "texture": "#0"},
				"south": {"uv": [12, 1.6, 12.8, 2.4], "texture": "#0"},
				"west": {"uv": [12, 1.6, 12.8, 2.4], "texture": "#0"},
				"up": {"uv": [12, 1.6, 12.8, 2.4], "texture": "#0"},
				"down": {"uv": [12, 1.6, 12.8, 2.4], "texture": "#0"}
			}
		},
		{
			"name": "anchor_24",
			"from": [12.8, 13.6, 7.6],
			"to": [13.6, 14.4, 8.4],
			"faces": {
				"north": {"uv": [13.6, 1.6, 12.8, 2.4], "texture": "#0"},
				"east": {"uv": [12.8, 1.6, 13.6, 2.4], "texture": "#0"},
				"south": {"uv": [12.8, 1.6, 13.6, 2.4], "texture": "#0"},
				"west": {"uv": [12.8, 1.6, 13.6, 2.4], "texture": "#0"},
				"up": {"uv": [12.8, 1.6, 13.6, 2.4], "texture": "#0"},
				"down": {"uv": [12.8, 1.6, 13.6, 2.4], "texture": "#0"}
			}
		},
		{
			"name": "anchor_25",
			"from": [13.6, 13.6, 7.6],
			"to": [14.4, 14.4, 8.4],
			"faces": {
				"north": {"uv": [14.4, 1.6, 13.6, 2.4], "texture": "#0"},
				"east": {"uv": [13.6, 1.6, 14.4, 2.4], "texture": "#0"},
				"south": {"uv": [13.6, 1.6, 14.4, 2.4], "texture": "#0"},
				"west": {"uv": [13.6, 1.6, 14.4, 2.4], "texture": "#0"},
				"up": {"uv": [13.6, 1.6, 14.4, 2.4], "texture": "#0"},
				"down": {"uv": [13.6, 1.6, 14.4, 2.4], "texture": "#0"}
			}
		},
		{
			"name": "anchor_26",
			"from": [3.2, 12.8, 7.6],
			"to": [4, 13.6, 8.4],
			"faces": {
				"north": {"uv": [4, 2.4, 3.2, 3.2], "texture": "#0"},
				"east": {"uv": [3.2, 2.4, 4, 3.2], "texture": "#0"},
				"south": {"uv": [3.2, 2.4, 4, 3.2], "texture": "#0"},
				"west": {"uv": [3.2, 2.4, 4, 3.2], "texture": "#0"},
				"up": {"uv": [3.2, 2.4, 4, 3.2], "texture": "#0"},
				"down": {"uv": [3.2, 2.4, 4, 3.2], "texture": "#0"}
			}
		},
		{
			"name": "anchor_27",
			"from": [10.4, 12.8, 7.6],
			"to": [11.2, 13.6, 8.4],
			"faces": {
				"north": {"uv": [11.2, 2.4, 10.4, 3.2], "texture": "#0"},
				"east": {"uv": [10.4, 2.4, 11.2, 3.2], "texture": "#0"},
				"south": {"uv": [10.4, 2.4, 11.2, 3.2], "texture": "#0"},
				"west": {"uv": [10.4, 2.4, 11.2, 3.2], "texture": "#0"},
				"up": {"uv": [10.4, 2.4, 11.2, 3.2], "texture": "#0"},
				"down": {"uv": [10.4, 2.4, 11.2, 3.2], "texture": "#0"}
			}
		},
		{
			"name": "anchor_28",
			"from": [11.2, 12.8, 7.6],
			"to": [12, 13.6, 8.4],
			"faces": {
				"north": {"uv": [12, 2.4, 11.2, 3.2], "texture": "#0"},
				"east": {"uv": [11.2, 2.4, 12, 3.2], "texture": "#0"},
				"south": {"uv": [11.2, 2.4, 12, 3.2], "texture": "#0"},
				"west": {"uv": [11.2, 2.4, 12, 3.2], "texture": "#0"},
				"up": {"uv": [11.2, 2.4, 12, 3.2], "texture": "#0"},
				"down": {"uv": [11.2, 2.4, 12, 3.2], "texture": "#0"}
			}
		},
		{
			"name": "anchor_29",
			"from": [12, 12.8, 7.6],
			"to": [12.8, 13.6, 8.4],
			"faces": {
				"north": {"uv": [12.8, 2.4, 12, 3.2], "texture": "#0"},
				"east": {"uv": [12, 2.4, 12.8, 3.2], "texture": "#0"},
				"south": {"uv": [12, 2.4, 12.8, 3.2], "texture": "#0"},
				"west": {"uv": [12, 2.4, 12.8, 3.2], "texture": "#0"},
				"up": {"uv": [12, 2.4, 12.8, 3.2], "texture": "#0"},
				"down": {"uv": [12, 2.4, 12.8, 3.2], "texture": "#0"}
			}
		},
		{
			"name": "anchor_30",
			"from": [12.8, 12.8, 7.6],
			"to": [13.6, 13.6, 8.4],
			"faces": {
				"north": {"uv": [13.6, 2.4, 12.8, 3.2], "texture": "#0"},
				"east": {"uv": [12.8, 2.4, 13.6, 3.2], "texture": "#0"},
				"south": {"uv": [12.8, 2.4, 13.6, 3.2], "texture": "#0"},
				"west": {"uv": [12.8, 2.4, 13.6, 3.2], "texture": "#0"},
				"up": {"uv": [12.8, 2.4, 13.6, 3.2], "texture": "#0"},
				"down": {"uv": [12.8, 2.4, 13.6, 3.2], "texture": "#0"}
			}
		},
		{
			"name": "anchor_31",
			"from": [13.6, 12.8, 7.6],
			"to": [14.4, 13.6, 8.4],
			"faces": {
				"north": {"uv": [14.4, 2.4, 13.6, 3.2], "texture": "#0"},
				"east": {"uv": [13.6, 2.4, 14.4, 3.2], "texture": "#0"},
				"south": {"uv": [13.6, 2.4, 14.4, 3.2], "texture": "#0"},
				"west": {"uv": [13.6, 2.4, 14.4, 3.2], "texture": "#0"},
				"up": {"uv": [13.6, 2.4, 14.4, 3.2], "texture": "#0"},
				"down": {"uv": [13.6, 2.4, 14.4, 3.2], "texture": "#0"}
			}
		},
		{
			"name": "anchor_32",
			"from": [11.2, 12, 7.6],
			"to": [12, 12.8, 8.4],
			"faces": {
				"north": {"uv": [12, 3.2, 11.2, 4], "texture": "#0"},
				"east": {"uv": [11.2, 3.2, 12, 4], "texture": "#0"},
				"south": {"uv": [11.2, 3.2, 12, 4], "texture": "#0"},
				"west": {"uv": [11.2, 3.2, 12, 4], "texture": "#0"},
				"up": {"uv": [11.2, 3.2, 12, 4], "texture": "#0"},
				"down": {"uv": [11.2, 3.2, 12, 4], "texture": "#0"}
			}
		},
		{
			"name": "anchor_33",
			"from": [12, 12, 7.6],
			"to": [12.8, 12.8, 8.4],
			"faces": {
				"north": {"uv": [12.8, 3.2, 12, 4], "texture": "#0"},
				"east": {"uv": [12, 3.2, 12.8, 4], "texture": "#0"},
				"south": {"uv": [12, 3.2, 12.8, 4], "texture": "#0"},
				"west": {"uv": [12, 3.2, 12.8, 4], "texture": "#0"},
				"up": {"uv": [12, 3.2, 12.8, 4], "texture": "#0"},
				"down": {"uv": [12, 3.2, 12.8, 4], "texture": "#0"}
			}
		},
		{
			"name": "anchor_34",
			"from": [12.8, 12, 7.6],
			"to": [13.6, 12.8, 8.4],
			"faces": {
				"north": {"uv": [13.6, 3.2, 12.8, 4], "texture": "#0"},
				"east": {"uv": [12.8, 3.2, 13.6, 4], "texture": "#0"},
				"south": {"uv": [12.8, 3.2, 13.6, 4], "texture": "#0"},
				"west": {"uv": [12.8, 3.2, 13.6, 4], "texture": "#0"},
				"up": {"uv": [12.8, 3.2, 13.6, 4], "texture": "#0"},
				"down": {"uv": [12.8, 3.2, 13.6, 4], "texture": "#0"}
			}
		},
		{
			"name": "anchor_35",
			"from": [13.6, 12, 7.6],
			"to": [14.4, 12.8, 8.4],
			"faces": {
				"north": {"uv": [14.4, 3.2, 13.6, 4], "texture": "#0"},
				"east": {"uv": [13.6, 3.2, 14.4, 4], "texture": "#0"},
				"south": {"uv": [13.6, 3.2, 14.4, 4], "texture": "#0"},
				"west": {"uv": [13.6, 3.2, 14.4, 4], "texture": "#0"},
				"up": {"uv": [13.6, 3.2, 14.4, 4], "texture": "#0"},
				"down": {"uv": [13.6, 3.2, 14.4, 4], "texture": "#0"}
			}
		},
		{
			"name": "anchor_36",
			"from": [10.4, 11.2, 7.6],
			"to": [11.2, 12, 8.4],
			"faces": {
				"north": {"uv": [11.2, 4, 10.4, 4.8], "texture": "#0"},
				"east": {"uv": [10.4, 4, 11.2, 4.8], "texture": "#0"},
				"south": {"uv": [10.4, 4, 11.2, 4.8], "texture": "#0"},
				"west": {"uv": [10.4, 4, 11.2, 4.8], "texture": "#0"},
				"up": {"uv": [10.4, 4, 11.2, 4.8], "texture": "#0"},
				"down": {"uv": [10.4, 4, 11.2, 4.8], "texture": "#0"}
			}
		},
		{
			"name": "anchor_37",
			"from": [11.2, 11.2, 7.6],
			"to": [12, 12, 8.4],
			"faces": {
				"north": {"uv": [12, 4, 11.2, 4.8], "texture": "#0"},
				"east": {"uv": [11.2, 4, 12, 4.8], "texture": "#0"},
				"south": {"uv": [11.2, 4, 12, 4.8], "texture": "#0"},
				"west": {"uv": [11.2, 4, 12, 4.8], "texture": "#0"},
				"up": {"uv": [11.2, 4, 12, 4.8], "texture": "#0"},
				"down": {"uv": [11.2, 4, 12, 4.8], "texture": "#0"}
			}
		},
		{
			"name": "anchor_38",
			"from": [12, 11.2, 7.6],
			"to": [12.8, 12, 8.4],
			"faces": {
				"north": {"uv": [12.8, 4, 12, 4.8], "texture": "#0"},
				"east": {"uv": [12, 4, 12.8, 4.8], "texture": "#0"},
				"south": {"uv": [12, 4, 12.8, 4.8], "texture": "#0"},
				"west": {"uv": [12, 4, 12.8, 4.8], "texture": "#0"},
				"up": {"uv": [12, 4, 12.8, 4.8], "texture": "#0"},
				"down": {"uv": [12, 4, 12.8, 4.8], "texture": "#0"}
			}
		},
		{
			"name": "anchor_39",
			"from": [12.8, 11.2, 7.6],
			"to": [13.6, 12, 8.4],
			"faces": {
				"north": {"uv": [13.6, 4, 12.8, 4.8], "texture": "#0"},
				"east": {"uv": [12.8, 4, 13.6, 4.8], "texture": "#0"},
				"south": {"uv": [12.8, 4, 13.6, 4.8], "texture": "#0"},
				"west": {"uv": [12.8, 4, 13.6, 4.8], "texture": "#0"},
				"up": {"uv": [12.8, 4, 13.6, 4.8], "texture": "#0"},
				"down": {"uv": [12.8, 4, 13.6, 4.8], "texture": "#0"}
			}
		},
		{
			"name": "anchor_40",
			"from": [13.6, 11.2, 7.6],
			"to": [14.4, 12, 8.4],
			"faces": {
				"north": {"uv": [14.4, 4, 13.6, 4.8], "texture": "#0"},
				"east": {"uv": [13.6, 4, 14.4, 4.8], "texture": "#0"},
				"south": {"uv": [13.6, 4, 14.4, 4.8], "texture": "#0"},
				"west": {"uv": [13.6, 4, 14.4, 4.8], "texture": "#0"},
				"up": {"uv": [13.6, 4, 14.4, 4.8], "texture": "#0"},
				"down": {"uv": [13.6, 4, 14.4, 4.8], "texture": "#0"}
			}
		},
		{
			"name": "anchor_41",
			"from": [14.4, 11.2, 7.6],
			"to": [15.2, 12, 8.4],
			"faces": {
				"north": {"uv": [15.2, 4, 14.4, 4.8], "texture": "#0"},
				"east": {"uv": [14.4, 4, 15.2, 4.8], "texture": "#0"},
				"south": {"uv": [14.4, 4, 15.2, 4.8], "texture": "#0"},
				"west": {"uv": [14.4, 4, 15.2, 4.8], "texture": "#0"},
				"up": {"uv": [14.4, 4, 15.2, 4.8], "texture": "#0"},
				"down": {"uv": [14.4, 4, 15.2, 4.8], "texture": "#0"}
			}
		},
		{
			"name": "anchor_42",
			"from": [15.2, 11.2, 7.6],
			"to": [16, 12, 8.4],
			"faces": {
				"north": {"uv": [16, 4, 15.2, 4.8], "texture": "#0"},
				"east": {"uv": [15.2, 4, 16, 4.8], "texture": "#0"},
				"south": {"uv": [15.2, 4, 16, 4.8], "texture": "#0"},
				"west": {"uv": [15.2, 4, 16, 4.8], "texture": "#0"},
				"up": {"uv": [15.2, 4, 16, 4.8], "texture": "#0"},
				"down": {"uv": [15.2, 4, 16, 4.8], "texture": "#0"}
			}
		},
		{
			"name": "anchor_43",
			"from": [9.6, 10.4, 7.6],
			"to": [10.4, 11.2, 8.4],
			"faces": {
				"north": {"uv": [10.4, 4.8, 9.6, 5.6], "texture": "#0"},
				"east": {"uv": [9.6, 4.8, 10.4, 5.6], "texture": "#0"},
				"south": {"uv": [9.6, 4.8, 10.4, 5.6], "texture": "#0"},
				"west": {"uv": [9.6, 4.8, 10.4, 5.6], "texture": "#0"},
				"up": {"uv": [9.6, 4.8, 10.4, 5.6], "texture": "#0"},
				"down": {"uv": [9.6, 4.8, 10.4, 5.6], "texture": "#0"}
			}
		},
		{
			"name": "anchor_44",
			"from": [10.4, 10.4, 7.6],
			"to": [11.2, 11.2, 8.4],
			"faces": {
				"north": {"uv": [11.2, 4.8, 10.4, 5.6], "texture": "#0"},
				"east": {"uv": [10.4, 4.8, 11.2, 5.6], "texture": "#0"},
				"south": {"uv": [10.4, 4.8, 11.2, 5.6], "texture": "#0"},
				"west": {"uv": [10.4, 4.8, 11.2, 5.6], "texture": "#0"},
				"up": {"uv": [10.4, 4.8, 11.2, 5.6], "texture": "#0"},
				"down": {"uv": [10.4, 4.8, 11.2, 5.6], "texture": "#0"}
			}
		},
		{
			"name": "anchor_45",
			"from": [11.2, 10.4, 7.6],
			"to": [12, 11.2, 8.4],
			"faces": {
				"north": {"uv": [12, 4.8, 11.2, 5.6], "texture": "#0"},
				"east": {"uv": [11.2, 4.8, 12, 5.6], "texture": "#0"},
				"south": {"uv": [11.2, 4.8, 12, 5.6], "texture": "#0"},
				"west": {"uv": [11.2, 4.8, 12, 5.6], "texture": "#0"},
				"up": {"uv": [11.2, 4.8, 12, 5.6], "texture": "#0"},
				"down": {"uv": [11.2, 4.8, 12, 5.6], "texture": "#0"}
			}
		},
		{
			"name": "anchor_46",
			"from": [12.8, 10.4, 7.6],
			"to": [13.6, 11.2, 8.4],
			"faces": {
				"north": {"uv": [13.6, 4.8, 12.8, 5.6], "texture": "#0"},
				"east": {"uv": [12.8, 4.8, 13.6, 5.6], "texture": "#0"},
				"south": {"uv": [12.8, 4.8, 13.6, 5.6], "texture": "#0"},
				"west": {"uv": [12.8, 4.8, 13.6, 5.6], "texture": "#0"},
				"up": {"uv": [12.8, 4.8, 13.6, 5.6], "texture": "#0"},
				"down": {"uv": [12.8, 4.8, 13.6, 5.6], "texture": "#0"}
			}
		},
		{
			"name": "anchor_47",
			"from": [13.6, 10.4, 7.6],
			"to": [14.4, 11.2, 8.4],
			"faces": {
				"north": {"uv": [14.4, 4.8, 13.6, 5.6], "texture": "#0"},
				"east": {"uv": [13.6, 4.8, 14.4, 5.6], "texture": "#0"},
				"south": {"uv": [13.6, 4.8, 14.4, 5.6], "texture": "#0"},
				"west": {"uv": [13.6, 4.8, 14.4, 5.6], "texture": "#0"},
				"up": {"uv": [13.6, 4.8, 14.4, 5.6], "texture": "#0"},
				"down": {"uv": [13.6, 4.8, 14.4, 5.6], "texture": "#0"}
			}
		},
		{
			"name": "anchor_48",
			"from": [14.4, 10.4, 7.6],
			"to": [15.2, 11.2, 8.4],
			"faces": {
				"north": {"uv": [15.2, 4.8, 14.4, 5.6], "texture": "#0"},
				"east": {"uv": [14.4, 4.8, 15.2, 5.6], "texture": "#0"},
				"south": {"uv": [14.4, 4.8, 15.2, 5.6], "texture": "#0"},
				"west": {"uv": [14.4, 4.8, 15.2, 5.6], "texture": "#0"},
				"up": {"uv": [14.4, 4.8, 15.2, 5.6], "texture": "#0"},
				"down": {"uv": [14.4, 4.8, 15.2, 5.6], "texture": "#0"}
			}
		},
		{
			"name": "anchor_49",
			"from": [15.2, 10.4, 7.6],
			"to": [16, 11.2, 8.4],
			"faces": {
				"north": {"uv": [16, 4.8, 15.2, 5.6], "texture": "#0"},
				"east": {"uv": [15.2, 4.8, 16, 5.6], "texture": "#0"},
				"south": {"uv": [15.2, 4.8, 16, 5.6], "texture": "#0"},
				"west": {"uv": [15.2, 4.8, 16, 5.6], "texture": "#0"},
				"up": {"uv": [15.2, 4.8, 16, 5.6], "texture": "#0"},
				"down": {"uv": [15.2, 4.8, 16, 5.6], "texture": "#0"}
			}
		},
		{
			"name": "anchor_50",
			"from": [8.8, 9.6, 7.6],
			"to": [9.6, 10.4, 8.4],
			"faces": {
				"north": {"uv": [9.6, 5.6, 8.8, 6.4], "texture": "#0"},
				"east": {"uv": [8.8, 5.6, 9.6, 6.4], "texture": "#0"},
				"south": {"uv": [8.8, 5.6, 9.6, 6.4], "texture": "#0"},
				"west": {"uv": [8.8, 5.6, 9.6, 6.4], "texture": "#0"},
				"up": {"uv": [8.8, 5.6, 9.6, 6.4], "texture": "#0"},
				"down": {"uv": [8.8, 5.6, 9.6, 6.4], "texture": "#0"}
			}
		},
		{
			"name": "anchor_51",
			"from": [9.6, 9.6, 7.6],
			"to": [10.4, 10.4, 8.4],
			"faces": {
				"north": {"uv": [10.4, 5.6, 9.6, 6.4], "texture": "#0"},
				"east": {"uv": [9.6, 5.6, 10.4, 6.4], "texture": "#0"},
				"south": {"uv": [9.6, 5.6, 10.4, 6.4], "texture": "#0"},
				"west": {"uv": [9.6, 5.6, 10.4, 6.4], "texture": "#0"},
				"up": {"uv": [9.6, 5.6, 10.4, 6.4], "texture": "#0"},
				"down": {"uv": [9.6, 5.6, 10.4, 6.4], "texture": "#0"}
			}
		},
		{
			"name": "anchor_52",
			"from": [10.4, 9.6, 7.6],
			"to": [11.2, 10.4, 8.4],
			"faces": {
				"north": {"uv": [11.2, 5.6, 10.4, 6.4], "texture": "#0"},
				"east": {"uv": [10.4, 5.6, 11.2, 6.4], "texture": "#0"},
				"south": {"uv": [10.4, 5.6, 11.2, 6.4], "texture": "#0"},
				"west": {"uv": [10.4, 5.6, 11.2, 6.4], "texture": "#0"},
				"up": {"uv": [10.4, 5.6, 11.2, 6.4], "texture": "#0"},
				"down": {"uv": [10.4, 5.6, 11.2, 6.4], "texture": "#0"}
			}
		},
		{
			"name": "anchor_53",
			"from": [14.4, 9.6, 7.6],
			"to": [15.2, 10.4, 8.4],
			"faces": {
				"north": {"uv": [15.2, 5.6, 14.4, 6.4], "texture": "#0"},
				"east": {"uv": [14.4, 5.6, 15.2, 6.4], "texture": "#0"},
				"south": {"uv": [14.4, 5.6, 15.2, 6.4], "texture": "#0"},
				"west": {"uv": [14.4, 5.6, 15.2, 6.4], "texture": "#0"},
				"up": {"uv": [14.4, 5.6, 15.2, 6.4], "texture": "#0"},
				"down": {"uv": [14.4, 5.6, 15.2, 6.4], "texture": "#0"}
			}
		},
		{
			"name": "anchor_54",
			"from": [15.2, 9.6, 7.6],
			"to": [16, 10.4, 8.4],
			"faces": {
				"north": {"uv": [16, 5.6, 15.2, 6.4], "texture": "#0"},
				"east": {"uv": [15.2, 5.6, 16, 6.4], "texture": "#0"},
				"south": {"uv": [15.2, 5.6, 16, 6.4], "texture": "#0"},
				"west": {"uv": [15.2, 5.6, 16, 6.4], "texture": "#0"},
				"up": {"uv": [15.2, 5.6, 16, 6.4], "texture": "#0"},
				"down": {"uv": [15.2, 5.6, 16, 6.4], "texture": "#0"}
			}
		},
		{
			"name": "anchor_55",
			"from": [8, 8.8, 7.6],
			"to": [8.8, 9.6, 8.4],
			"faces": {
				"north": {"uv": [8.8, 6.4, 8, 7.2], "texture": "#0"},
				"east": {"uv": [8, 6.4, 8.8, 7.2], "texture": "#0"},
				"south": {"uv": [8, 6.4, 8.8, 7.2], "texture": "#0"},
				"west": {"uv": [8, 6.4, 8.8, 7.2], "texture": "#0"},
				"up": {"uv": [8, 6.4, 8.8, 7.2], "texture": "#0"},
				"down": {"uv": [8, 6.4, 8.8, 7.2], "texture": "#0"}
			}
		},
		{
			"name": "anchor_56",
			"from": [8.8, 8.8, 7.6],
			"to": [9.6, 9.6, 8.4],
			"faces": {
				"north": {"uv": [9.6, 6.4, 8.8, 7.2], "texture": "#0"},
				"east": {"uv": [8.8, 6.4, 9.6, 7.2], "texture": "#0"},
				"south": {"uv": [8.8, 6.4, 9.6, 7.2], "texture": "#0"},
				"west": {"uv": [8.8, 6.4, 9.6, 7.2], "texture": "#0"},
				"up": {"uv": [8.8, 6.4, 9.6, 7.2], "texture": "#0"},
				"down": {"uv": [8.8, 6.4, 9.6, 7.2], "texture": "#0"}
			}
		},
		{
			"name": "anchor_57",
			"from": [9.6, 8.8, 7.6],
			"to": [10.4, 9.6, 8.4],
			"faces": {
				"north": {"uv": [10.4, 6.4, 9.6, 7.2], "texture": "#0"},
				"east": {"uv": [9.6, 6.4, 10.4, 7.2], "texture": "#0"},
				"south": {"uv": [9.6, 6.4, 10.4, 7.2], "texture": "#0"},
				"west": {"uv": [9.6, 6.4, 10.4, 7.2], "texture": "#0"},
				"up": {"uv": [9.6, 6.4, 10.4, 7.2], "texture": "#0"},
				"down": {"uv": [9.6, 6.4, 10.4, 7.2], "texture": "#0"}
			}
		},
		{
			"name": "anchor_58",
			"from": [14.4, 8.8, 7.6],
			"to": [15.2, 9.6, 8.4],
			"faces": {
				"north": {"uv": [15.2, 6.4, 14.4, 7.2], "texture": "#0"},
				"east": {"uv": [14.4, 6.4, 15.2, 7.2], "texture": "#0"},
				"south": {"uv": [14.4, 6.4, 15.2, 7.2], "texture": "#0"},
				"west": {"uv": [14.4, 6.4, 15.2, 7.2], "texture": "#0"},
				"up": {"uv": [14.4, 6.4, 15.2, 7.2], "texture": "#0"},
				"down": {"uv": [14.4, 6.4, 15.2, 7.2], "texture": "#0"}
			}
		},
		{
			"name": "anchor_59",
			"from": [15.2, 8.8, 7.6],
			"to": [16, 9.6, 8.4],
			"faces": {
				"north": {"uv": [16, 6.4, 15.2, 7.2], "texture": "#0"},
				"east": {"uv": [15.2, 6.4, 16, 7.2], "texture": "#0"},
				"south": {"uv": [15.2, 6.4, 16, 7.2], "texture": "#0"},
				"west": {"uv": [15.2, 6.4, 16, 7.2], "texture": "#0"},
				"up": {"uv": [15.2, 6.4, 16, 7.2], "texture": "#0"},
				"down": {"uv": [15.2, 6.4, 16, 7.2], "texture": "#0"}
			}
		},
		{
			"name": "anchor_60",
			"from": [7.2, 8, 7.6],
			"to": [8, 8.8, 8.4],
			"faces": {
				"north": {"uv": [8, 7.2, 7.2, 8], "texture": "#0"},
				"east": {"uv": [7.2, 7.2, 8, 8], "texture": "#0"},
				"south": {"uv": [7.2, 7.2, 8, 8], "texture": "#0"},
				"west": {"uv": [7.2, 7.2, 8, 8], "texture": "#0"},
				"up": {"uv": [7.2, 7.2, 8, 8], "texture": "#0"},
				"down": {"uv": [7.2, 7.2, 8, 8], "texture": "#0"}
			}
		},
		{
			"name": "anchor_61",
			"from": [8, 8, 7.6],
			"to": [8.8, 8.8, 8.4],
			"faces": {
				"north": {"uv": [8.8, 7.2, 8, 8], "texture": "#0"},
				"east": {"uv": [8, 7.2, 8.8, 8], "texture": "#0"},
				"south": {"uv": [8, 7.2, 8.8, 8], "texture": "#0"},
				"west": {"uv": [8, 7.2, 8.8, 8], "texture": "#0"},
				"up": {"uv": [8, 7.2, 8.8, 8], "texture": "#0"},
				"down": {"uv": [8, 7.2, 8.8, 8], "texture": "#0"}
			}
		},
		{
			"name": "anchor_62",
			"from": [8.8, 8, 7.6],
			"to": [9.6, 8.8, 8.4],
			"faces": {
				"north": {"uv": [9.6, 7.2, 8.8, 8], "texture": "#0"},
				"east": {"uv": [8.8, 7.2, 9.6, 8], "texture": "#0"},
				"south": {"uv": [8.8, 7.2, 9.6, 8], "texture": "#0"},
				"west": {"uv": [8.8, 7.2, 9.6, 8], "texture": "#0"},
				"up": {"uv": [8.8, 7.2, 9.6, 8], "texture": "#0"},
				"down": {"uv": [8.8, 7.2, 9.6, 8], "texture": "#0"}
			}
		},
		{
			"name": "anchor_63",
			"from": [14.4, 8, 7.6],
			"to": [15.2, 8.8, 8.4],
			"faces": {
				"north": {"uv": [15.2, 7.2, 14.4, 8], "texture": "#0"},
				"east": {"uv": [14.4, 7.2, 15.2, 8], "texture": "#0"},
				"south": {"uv": [14.4, 7.2, 15.2, 8], "texture": "#0"},
				"west": {"uv": [14.4, 7.2, 15.2, 8], "texture": "#0"},
				"up": {"uv": [14.4, 7.2, 15.2, 8], "texture": "#0"},
				"down": {"uv": [14.4, 7.2, 15.2, 8], "texture": "#0"}
			}
		},
		{
			"name": "anchor_64",
			"from": [15.2, 8, 7.6],
			"to": [16, 8.8, 8.4],
			"faces": {
				"north": {"uv": [16, 7.2, 15.2, 8], "texture": "#0"},
				"east": {"uv": [15.2, 7.2, 16, 8], "texture": "#0"},
				"south": {"uv": [15.2, 7.2, 16, 8], "texture": "#0"},
				"west": {"uv": [15.2, 7.2, 16, 8], "texture": "#0"},
				"up": {"uv": [15.2, 7.2, 16, 8], "texture": "#0"},
				"down": {"uv": [15.2, 7.2, 16, 8], "texture": "#0"}
			}
		},
		{
			"name": "anchor_65",
			"from": [6.4, 7.2, 7.6],
			"to": [7.2, 8, 8.4],
			"faces": {
				"north": {"uv": [7.2, 8, 6.4, 8.8], "texture": "#0"},
				"east": {"uv": [6.4, 8, 7.2, 8.8], "texture": "#0"},
				"south": {"uv": [6.4, 8, 7.2, 8.8], "texture": "#0"},
				"west": {"uv": [6.4, 8, 7.2, 8.8], "texture": "#0"},
				"up": {"uv": [6.4, 8, 7.2, 8.8], "texture": "#0"},
				"down": {"uv": [6.4, 8, 7.2, 8.8], "texture": "#0"}
			}
		},
		{
			"name": "anchor_66",
			"from": [7.2, 7.2, 7.6],
			"to": [8, 8, 8.4],
			"faces": {
				"north": {"uv": [8, 8, 7.2, 8.8], "texture": "#0"},
				"east": {"uv": [7.2, 8, 8, 8.8], "texture": "#0"},
				"south": {"uv": [7.2, 8, 8, 8.8], "texture": "#0"},
				"west": {"uv": [7.2, 8, 8, 8.8], "texture": "#0"},
				"up": {"uv": [7.2, 8, 8, 8.8], "texture": "#0"},
				"down": {"uv": [7.2, 8, 8, 8.8], "texture": "#0"}
			}
		},
		{
			"name": "anchor_67",
			"from": [8, 7.2, 7.6],
			"to": [8.8, 8, 8.4],
			"faces": {
				"north": {"uv": [8.8, 8, 8, 8.8], "texture": "#0"},
				"east": {"uv": [8, 8, 8.8, 8.8], "texture": "#0"},
				"south": {"uv": [8, 8, 8.8, 8.8], "texture": "#0"},
				"west": {"uv": [8, 8, 8.8, 8.8], "texture": "#0"},
				"up": {"uv": [8, 8, 8.8, 8.8], "texture": "#0"},
				"down": {"uv": [8, 8, 8.8, 8.8], "texture": "#0"}
			}
		},
		{
			"name": "anchor_68",
			"from": [14.4, 7.2, 7.6],
			"to": [15.2, 8, 8.4],
			"faces": {
				"north": {"uv": [15.2, 8, 14.4, 8.8], "texture": "#0"},
				"east": {"uv": [14.4, 8, 15.2, 8.8], "texture": "#0"},
				"south": {"uv": [14.4, 8, 15.2, 8.8], "texture": "#0"},
				"west": {"uv": [14.4, 8, 15.2, 8.8], "texture": "#0"},
				"up": {"uv": [14.4, 8, 15.2, 8.8], "texture": "#0"},
				"down": {"uv": [14.4, 8, 15.2, 8.8], "texture": "#0"}
			}
		},
		{
			"name": "anchor_69",
			"from": [15.2, 7.2, 7.6],
			"to": [16, 8, 8.4],
			"faces": {
				"north": {"uv": [16, 8, 15.2, 8.8], "texture": "#0"},
				"east": {"uv": [15.2, 8, 16, 8.8], "texture": "#0"},
				"south": {"uv": [15.2, 8, 16, 8.8], "texture": "#0"},
				"west": {"uv": [15.2, 8, 16, 8.8], "texture": "#0"},
				"up": {"uv": [15.2, 8, 16, 8.8], "texture": "#0"},
				"down": {"uv": [15.2, 8, 16, 8.8], "texture": "#0"}
			}
		},
		{
			"name": "anchor_70",
			"from": [5.6, 6.4, 7.6],
			"to": [6.4, 7.2, 8.4],
			"faces": {
				"north": {"uv": [6.4, 8.8, 5.6, 9.6], "texture": "#0"},
				"east": {"uv": [5.6, 8.8, 6.4, 9.6], "texture": "#0"},
				"south": {"uv": [5.6, 8.8, 6.4, 9.6], "texture": "#0"},
				"west": {"uv": [5.6, 8.8, 6.4, 9.6], "texture": "#0"},
				"up": {"uv": [5.6, 8.8, 6.4, 9.6], "texture": "#0"},
				"down": {"uv": [5.6, 8.8, 6.4, 9.6], "texture": "#0"}
			}
		},
		{
			"name": "anchor_71",
			"from": [6.4, 6.4, 7.6],
			"to": [7.2, 7.2, 8.4],
			"faces": {
				"north": {"uv": [7.2, 8.8, 6.4, 9.6], "texture": "#0"},
				"east": {"uv": [6.4, 8.8, 7.2, 9.6], "texture": "#0"},
				"south": {"uv": [6.4, 8.8, 7.2, 9.6], "texture": "#0"},
				"west": {"uv": [6.4, 8.8, 7.2, 9.6], "texture": "#0"},
				"up": {"uv": [6.4, 8.8, 7.2, 9.6], "texture": "#0"},
				"down": {"uv": [6.4, 8.8, 7.2, 9.6], "texture": "#0"}
			}
		},
		{
			"name": "anchor_72",
			"from": [7.2, 6.4, 7.6],
			"to": [8, 7.2, 8.4],
			"faces": {
				"north": {"uv": [8, 8.8, 7.2, 9.6], "texture": "#0"},
				"east": {"uv": [7.2, 8.8, 8, 9.6], "texture": "#0"},
				"south": {"uv": [7.2, 8.8, 8, 9.6], "texture": "#0"},
				"west": {"uv": [7.2, 8.8, 8, 9.6], "texture": "#0"},
				"up": {"uv": [7.2, 8.8, 8, 9.6], "texture": "#0"},
				"down": {"uv": [7.2, 8.8, 8, 9.6], "texture": "#0"}
			}
		},
		{
			"name": "anchor_73",
			"from": [14.4, 6.4, 7.6],
			"to": [15.2, 7.2, 8.4],
			"faces": {
				"north": {"uv": [15.2, 8.8, 14.4, 9.6], "texture": "#0"},
				"east": {"uv": [14.4, 8.8, 15.2, 9.6], "texture": "#0"},
				"south": {"uv": [14.4, 8.8, 15.2, 9.6], "texture": "#0"},
				"west": {"uv": [14.4, 8.8, 15.2, 9.6], "texture": "#0"},
				"up": {"uv": [14.4, 8.8, 15.2, 9.6], "texture": "#0"},
				"down": {"uv": [14.4, 8.8, 15.2, 9.6], "texture": "#0"}
			}
		},
		{
			"name": "anchor_74",
			"from": [15.2, 6.4, 7.6],
			"to": [16, 7.2, 8.4],
			"faces": {
				"north": {"uv": [16, 8.8, 15.2, 9.6], "texture": "#0"},
				"east": {"uv": [15.2, 8.8, 16, 9.6], "texture": "#0"},
				"south": {"uv": [15.2, 8.8, 16, 9.6], "texture": "#0"},
				"west": {"uv": [15.2, 8.8, 16, 9.6], "texture": "#0"},
				"up": {"uv": [15.2, 8.8, 16, 9.6], "texture": "#0"},
				"down": {"uv": [15.2, 8.8, 16, 9.6], "texture": "#0"}
			}
		},
		{
			"name": "anchor_75",
			"from": [1.6, 5.6, 7.6],
			"to": [2.4, 6.4, 8.4],
			"faces": {
				"north": {"uv": [2.4, 9.6, 1.6, 10.4], "texture": "#0"},
				"east": {"uv": [1.6, 9.6, 2.4, 10.4], "texture": "#0"},
				"south": {"uv": [1.6, 9.6, 2.4, 10.4], "texture": "#0"},
				"west": {"uv": [1.6, 9.6, 2.4, 10.4], "texture": "#0"},
				"up": {"uv": [1.6, 9.6, 2.4, 10.4], "texture": "#0"},
				"down": {"uv": [1.6, 9.6, 2.4, 10.4], "texture": "#0"}
			}
		},
		{
			"name": "anchor_76",
			"from": [4.8, 5.6, 7.6],
			"to": [5.6, 6.4, 8.4],
			"faces": {
				"north": {"uv": [5.6, 9.6, 4.8, 10.4], "texture": "#0"},
				"east": {"uv": [4.8, 9.6, 5.6, 10.4], "texture": "#0"},
				"south": {"uv": [4.8, 9.6, 5.6, 10.4], "texture": "#0"},
				"west": {"uv": [4.8, 9.6, 5.6, 10.4], "texture": "#0"},
				"up": {"uv": [4.8, 9.6, 5.6, 10.4], "texture": "#0"},
				"down": {"uv": [4.8, 9.6, 5.6, 10.4], "texture": "#0"}
			}
		},
		{
			"name": "anchor_77",
			"from": [5.6, 5.6, 7.6],
			"to": [6.4, 6.4, 8.4],
			"faces": {
				"north": {"uv": [6.4, 9.6, 5.6, 10.4], "texture": "#0"},
				"east": {"uv": [5.6, 9.6, 6.4, 10.4], "texture": "#0"},
				"south": {"uv": [5.6, 9.6, 6.4, 10.4], "texture": "#0"},
				"west": {"uv": [5.6, 9.6, 6.4, 10.4], "texture": "#0"},
				"up": {"uv": [5.6, 9.6, 6.4, 10.4], "texture": "#0"},
				"down": {"uv": [5.6, 9.6, 6.4, 10.4], "texture": "#0"}
			}
		},
		{
			"name": "anchor_78",
			"from": [6.4, 5.6, 7.6],
			"to": [7.2, 6.4, 8.4],
			"faces": {
				"north": {"uv": [7.2, 9.6, 6.4, 10.4], "texture": "#0"},
				"east": {"uv": [6.4, 9.6, 7.2, 10.4], "texture": "#0"},
				"south": {"uv": [6.4, 9.6, 7.2, 10.4], "texture": "#0"},
				"west": {"uv": [6.4, 9.6, 7.2, 10.4], "texture": "#0"},
				"up": {"uv": [6.4, 9.6, 7.2, 10.4], "texture": "#0"},
				"down": {"uv": [6.4, 9.6, 7.2, 10.4], "texture": "#0"}
			}
		},
		{
			"name": "anchor_79",
			"from": [14.4, 5.6, 7.6],
			"to": [15.2, 6.4, 8.4],
			"faces": {
				"north": {"uv": [15.2, 9.6, 14.4, 10.4], "texture": "#0"},
				"east": {"uv": [14.4, 9.6, 15.2, 10.4], "texture": "#0"},
				"south": {"uv": [14.4, 9.6, 15.2, 10.4], "texture": "#0"},
				"west": {"uv": [14.4, 9.6, 15.2, 10.4], "texture": "#0"},
				"up": {"uv": [14.4, 9.6, 15.2, 10.4], "texture": "#0"},
				"down": {"uv": [14.4, 9.6, 15.2, 10.4], "texture": "#0"}
			}
		},
		{
			"name": "anchor_80",
			"from": [15.2, 5.6, 7.6],
			"to": [16, 6.4, 8.4],
			"faces": {
				"north": {"uv": [16, 9.6, 15.2, 10.4], "texture": "#0"},
				"east": {"uv": [15.2, 9.6, 16, 10.4], "texture": "#0"},
				"south": {"uv": [15.2, 9.6, 16, 10.4], "texture": "#0"},
				"west": {"uv": [15.2, 9.6, 16, 10.4], "texture": "#0"},
				"up": {"uv": [15.2, 9.6, 16, 10.4], "texture": "#0"},
				"down": {"uv": [15.2, 9.6, 16, 10.4], "texture": "#0"}
			}
		},
		{
			"name": "anchor_81",
			"from": [1.6, 4.8, 7.6],
			"to": [2.4, 5.6, 8.4],
			"faces": {
				"north": {"uv": [2.4, 10.4, 1.6, 11.2], "texture": "#0"},
				"east": {"uv": [1.6, 10.4, 2.4, 11.2], "texture": "#0"},
				"south": {"uv": [1.6, 10.4, 2.4, 11.2], "texture": "#0"},
				"west": {"uv": [1.6, 10.4, 2.4, 11.2], "texture": "#0"},
				"up": {"uv": [1.6, 10.4, 2.4, 11.2], "texture": "#0"},
				"down": {"uv": [1.6, 10.4, 2.4, 11.2], "texture": "#0"}
			}
		},
		{
			"name": "anchor_82",
			"from": [2.4, 4.8, 7.6],
			"to": [3.2, 5.6, 8.4],
			"faces": {
				"north": {"uv": [3.2, 10.4, 2.4, 11.2], "texture": "#0"},
				"east": {"uv": [2.4, 10.4, 3.2, 11.2], "texture": "#0"},
				"south": {"uv": [2.4, 10.4, 3.2, 11.2], "texture": "#0"},
				"west": {"uv": [2.4, 10.4, 3.2, 11.2], "texture": "#0"},
				"up": {"uv": [2.4, 10.4, 3.2, 11.2], "texture": "#0"},
				"down": {"uv": [2.4, 10.4, 3.2, 11.2], "texture": "#0"}
			}
		},
		{
			"name": "anchor_83",
			"from": [4, 4.8, 7.6],
			"to": [4.8, 5.6, 8.4],
			"faces": {
				"north": {"uv": [4.8, 10.4, 4, 11.2], "texture": "#0"},
				"east": {"uv": [4, 10.4, 4.8, 11.2], "texture": "#0"},
				"south": {"uv": [4, 10.4, 4.8, 11.2], "texture": "#0"},
				"west": {"uv": [4, 10.4, 4.8, 11.2], "texture": "#0"},
				"up": {"uv": [4, 10.4, 4.8, 11.2], "texture": "#0"},
				"down": {"uv": [4, 10.4, 4.8, 11.2], "texture": "#0"}
			}
		},
		{
			"name": "anchor_84",
			"from": [4.8, 4.8, 7.6],
			"to": [5.6, 5.6, 8.4],
			"faces": {
				"north": {"uv": [5.6, 10.4, 4.8, 11.2], "texture": "#0"},
				"east": {"uv": [4.8, 10.4, 5.6, 11.2], "texture": "#0"},
				"south": {"uv": [4.8, 10.4, 5.6, 11.2], "texture": "#0"},
				"west": {"uv": [4.8, 10.4, 5.6, 11.2], "texture": "#0"},
				"up": {"uv": [4.8, 10.4, 5.6, 11.2], "texture": "#0"},
				"down": {"uv": [4.8, 10.4, 5.6, 11.2], "texture": "#0"}
			}
		},
		{
			"name": "anchor_85",
			"from": [5.6, 4.8, 7.6],
			"to": [6.4, 5.6, 8.4],
			"faces": {
				"north": {"uv": [6.4, 10.4, 5.6, 11.2], "texture": "#0"},
				"east": {"uv": [5.6, 10.4, 6.4, 11.2], "texture": "#0"},
				"south": {"uv": [5.6, 10.4, 6.4, 11.2], "texture": "#0"},
				"west": {"uv": [5.6, 10.4, 6.4, 11.2], "texture": "#0"},
				"up": {"uv": [5.6, 10.4, 6.4, 11.2], "texture": "#0"},
				"down": {"uv": [5.6, 10.4, 6.4, 11.2], "texture": "#0"}
			}
		},
		{
			"name": "anchor_86",
			"from": [13.6, 4.8, 7.6],
			"to": [14.4, 5.6, 8.4],
			"faces": {
				"north": {"uv": [14.4, 10.4, 13.6, 11.2], "texture": "#0"},
				"east": {"uv": [13.6, 10.4, 14.4, 11.2], "texture": "#0"},
				"south": {"uv": [13.6, 10.4, 14.4, 11.2], "texture": "#0"},
				"west": {"uv": [13.6, 10.4, 14.4, 11.2], "texture": "#0"},
				"up": {"uv": [13.6, 10.4, 14.4, 11.2], "texture": "#0"},
				"down": {"uv": [13.6, 10.4, 14.4, 11.2], "texture": "#0"}
			}
		},
		{
			"name": "anchor_87",
			"from": [14.4, 4.8, 7.6],
			"to": [15.2, 5.6, 8.4],
			"faces": {
				"north": {"uv": [15.2, 10.4, 14.4, 11.2], "texture": "#0"},
				"east": {"uv": [14.4, 10.4, 15.2, 11.2], "texture": "#0"},
				"south": {"uv": [14.4, 10.4, 15.2, 11.2], "texture": "#0"},
				"west": {"uv": [14.4, 10.4, 15.2, 11.2], "texture": "#0"},
				"up": {"uv": [14.4, 10.4, 15.2, 11.2], "texture": "#0"},
				"down": {"uv": [14.4, 10.4, 15.2, 11.2], "texture": "#0"}
			}
		},
		{
			"name": "anchor_88",
			"from": [2.4, 4, 7.6],
			"to": [3.2, 4.8, 8.4],
			"faces": {
				"north": {"uv": [3.2, 11.2, 2.4, 12], "texture": "#0"},
				"east": {"uv": [2.4, 11.2, 3.2, 12], "texture": "#0"},
				"south": {"uv": [2.4, 11.2, 3.2, 12], "texture": "#0"},
				"west": {"uv": [2.4, 11.2, 3.2, 12], "texture": "#0"},
				"up": {"uv": [2.4, 11.2, 3.2, 12], "texture": "#0"},
				"down": {"uv": [2.4, 11.2, 3.2, 12], "texture": "#0"}
			}
		},
		{
			"name": "anchor_89",
			"from": [3.2, 4, 7.6],
			"to": [4, 4.8, 8.4],
			"faces": {
				"north": {"uv": [4, 11.2, 3.2, 12], "texture": "#0"},
				"east": {"uv": [3.2, 11.2, 4, 12], "texture": "#0"},
				"south": {"uv": [3.2, 11.2, 4, 12], "texture": "#0"},
				"west": {"uv": [3.2, 11.2, 4, 12], "texture": "#0"},
				"up": {"uv": [3.2, 11.2, 4, 12], "texture": "#0"},
				"down": {"uv": [3.2, 11.2, 4, 12], "texture": "#0"}
			}
		},
		{
			"name": "anchor_90",
			"from": [4, 4, 7.6],
			"to": [4.8, 4.8, 8.4],
			"faces": {
				"north": {"uv": [4.8, 11.2, 4, 12], "texture": "#0"},
				"east": {"uv": [4, 11.2, 4.8, 12], "texture": "#0"},
				"south": {"uv": [4, 11.2, 4.8, 12], "texture": "#0"},
				"west": {"uv": [4, 11.2, 4.8, 12], "texture": "#0"},
				"up": {"uv": [4, 11.2, 4.8, 12], "texture": "#0"},
				"down": {"uv": [4, 11.2, 4.8, 12], "texture": "#0"}
			}
		},
		{
			"name": "anchor_91",
			"from": [4.8, 4, 7.6],
			"to": [5.6, 4.8, 8.4],
			"faces": {
				"north": {"uv": [5.6, 11.2, 4.8, 12], "texture": "#0"},
				"east": {"uv": [4.8, 11.2, 5.6, 12], "texture": "#0"},
				"south": {"uv": [4.8, 11.2, 5.6, 12], "texture": "#0"},
				"west": {"uv": [4.8, 11.2, 5.6, 12], "texture": "#0"},
				"up": {"uv": [4.8, 11.2, 5.6, 12], "texture": "#0"},
				"down": {"uv": [4.8, 11.2, 5.6, 12], "texture": "#0"}
			}
		},
		{
			"name": "anchor_92",
			"from": [13.6, 4, 7.6],
			"to": [14.4, 4.8, 8.4],
			"faces": {
				"north": {"uv": [14.4, 11.2, 13.6, 12], "texture": "#0"},
				"east": {"uv": [13.6, 11.2, 14.4, 12], "texture": "#0"},
				"south": {"uv": [13.6, 11.2, 14.4, 12], "texture": "#0"},
				"west": {"uv": [13.6, 11.2, 14.4, 12], "texture": "#0"},
				"up": {"uv": [13.6, 11.2, 14.4, 12], "texture": "#0"},
				"down": {"uv": [13.6, 11.2, 14.4, 12], "texture": "#0"}
			}
		},
		{
			"name": "anchor_93",
			"from": [14.4, 4, 7.6],
			"to": [15.2, 4.8, 8.4],
			"faces": {
				"north": {"uv": [15.2, 11.2, 14.4, 12], "texture": "#0"},
				"east": {"uv": [14.4, 11.2, 15.2, 12], "texture": "#0"},
				"south": {"uv": [14.4, 11.2, 15.2, 12], "texture": "#0"},
				"west": {"uv": [14.4, 11.2, 15.2, 12], "texture": "#0"},
				"up": {"uv": [14.4, 11.2, 15.2, 12], "texture": "#0"},
				"down": {"uv": [14.4, 11.2, 15.2, 12], "texture": "#0"}
			}
		},
		{
			"name": "anchor_94",
			"from": [2.4, 3.2, 7.6],
			"to": [3.2, 4, 8.4],
			"faces": {
				"north": {"uv": [3.2, 12, 2.4, 12.8], "texture": "#0"},
				"east": {"uv": [2.4, 12, 3.2, 12.8], "texture": "#0"},
				"south": {"uv": [2.4, 12, 3.2, 12.8], "texture": "#0"},
				"west": {"uv": [2.4, 12, 3.2, 12.8], "texture": "#0"},
				"up": {"uv": [2.4, 12, 3.2, 12.8], "texture": "#0"},
				"down": {"uv": [2.4, 12, 3.2, 12.8], "texture": "#0"}
			}
		},
		{
			"name": "anchor_95",
			"from": [3.2, 3.2, 7.6],
			"to": [4, 4, 8.4],
			"faces": {
				"north": {"uv": [4, 12, 3.2, 12.8], "texture": "#0"},
				"east": {"uv": [3.2, 12, 4, 12.8], "texture": "#0"},
				"south": {"uv": [3.2, 12, 4, 12.8], "texture": "#0"},
				"west": {"uv": [3.2, 12, 4, 12.8], "texture": "#0"},
				"up": {"uv": [3.2, 12, 4, 12.8], "texture": "#0"},
				"down": {"uv": [3.2, 12, 4, 12.8], "texture": "#0"}
			}
		},
		{
			"name": "anchor_96",
			"from": [4, 3.2, 7.6],
			"to": [4.8, 4, 8.4],
			"faces": {
				"north": {"uv": [4.8, 12, 4, 12.8], "texture": "#0"},
				"east": {"uv": [4, 12, 4.8, 12.8], "texture": "#0"},
				"south": {"uv": [4, 12, 4.8, 12.8], "texture": "#0"},
				"west": {"uv": [4, 12, 4.8, 12.8], "texture": "#0"},
				"up": {"uv": [4, 12, 4.8, 12.8], "texture": "#0"},
				"down": {"uv": [4, 12, 4.8, 12.8], "texture": "#0"}
			}
		},
		{
			"name": "anchor_97",
			"from": [12.8, 3.2, 7.6],
			"to": [13.6, 4, 8.4],
			"faces": {
				"north": {"uv": [13.6, 12, 12.8, 12.8], "texture": "#0"},
				"east": {"uv": [12.8, 12, 13.6, 12.8], "texture": "#0"},
				"south": {"uv": [12.8, 12, 13.6, 12.8], "texture": "#0"},
				"west": {"uv": [12.8, 12, 13.6, 12.8], "texture": "#0"},
				"up": {"uv": [12.8, 12, 13.6, 12.8], "texture": "#0"},
				"down": {"uv": [12.8, 12, 13.6, 12.8], "texture": "#0"}
			}
		},
		{
			"name": "anchor_98",
			"from": [13.6, 3.2, 7.6],
			"to": [14.4, 4, 8.4],
			"faces": {
				"north": {"uv": [14.4, 12, 13.6, 12.8], "texture": "#0"},
				"east": {"uv": [13.6, 12, 14.4, 12.8], "texture": "#0"},
				"south": {"uv": [13.6, 12, 14.4, 12.8], "texture": "#0"},
				"west": {"uv": [13.6, 12, 14.4, 12.8], "texture": "#0"},
				"up": {"uv": [13.6, 12, 14.4, 12.8], "texture": "#0"},
				"down": {"uv": [13.6, 12, 14.4, 12.8], "texture": "#0"}
			}
		},
		{
			"name": "anchor_99",
			"from": [1.6, 2.4, 7.6],
			"to": [2.4, 3.2, 8.4],
			"faces": {
				"north": {"uv": [2.4, 12.8, 1.6, 13.6], "texture": "#0"},
				"east": {"uv": [1.6, 12.8, 2.4, 13.6], "texture": "#0"},
				"south": {"uv": [1.6, 12.8, 2.4, 13.6], "texture": "#0"},
				"west": {"uv": [1.6, 12.8, 2.4, 13.6], "texture": "#0"},
				"up": {"uv": [1.6, 12.8, 2.4, 13.6], "texture": "#0"},
				"down": {"uv": [1.6, 12.8, 2.4, 13.6], "texture": "#0"}
			}
		},
		{
			"name": "anchor_100",
			"from": [2.4, 2.4, 7.6],
			"to": [3.2, 3.2, 8.4],
			"faces": {
				"north": {"uv": [3.2, 12.8, 2.4, 13.6], "texture": "#0"},
				"east": {"uv": [2.4, 12.8, 3.2, 13.6], "texture": "#0"},
				"south": {"uv": [2.4, 12.8, 3.2, 13.6], "texture": "#0"},
				"west": {"uv": [2.4, 12.8, 3.2, 13.6], "texture": "#0"},
				"up": {"uv": [2.4, 12.8, 3.2, 13.6], "texture": "#0"},
				"down": {"uv": [2.4, 12.8, 3.2, 13.6], "texture": "#0"}
			}
		},
		{
			"name": "anchor_101",
			"from": [3.2, 2.4, 7.6],
			"to": [4, 3.2, 8.4],
			"faces": {
				"north": {"uv": [4, 12.8, 3.2, 13.6], "texture": "#0"},
				"east": {"uv": [3.2, 12.8, 4, 13.6], "texture": "#0"},
				"south": {"uv": [3.2, 12.8, 4, 13.6], "texture": "#0"},
				"west": {"uv": [3.2, 12.8, 4, 13.6], "texture": "#0"},
				"up": {"uv": [3.2, 12.8, 4, 13.6], "texture": "#0"},
				"down": {"uv": [3.2, 12.8, 4, 13.6], "texture": "#0"}
			}
		},
		{
			"name": "anchor_102",
			"from": [4, 2.4, 7.6],
			"to": [4.8, 3.2, 8.4],
			"faces": {
				"north": {"uv": [4.8, 12.8, 4, 13.6], "texture": "#0"},
				"east": {"uv": [4, 12.8, 4.8, 13.6], "texture": "#0"},
				"south": {"uv": [4, 12.8, 4.8, 13.6], "texture": "#0"},
				"west": {"uv": [4, 12.8, 4.8, 13.6], "texture": "#0"},
				"up": {"uv": [4, 12.8, 4.8, 13.6], "texture": "#0"},
				"down": {"uv": [4, 12.8, 4.8, 13.6], "texture": "#0"}
			}
		},
		{
			"name": "anchor_103",
			"from": [4.8, 2.4, 7.6],
			"to": [5.6, 3.2, 8.4],
			"faces": {
				"north": {"uv": [5.6, 12.8, 4.8, 13.6], "texture": "#0"},
				"east": {"uv": [4.8, 12.8, 5.6, 13.6], "texture": "#0"},
				"south": {"uv": [4.8, 12.8, 5.6, 13.6], "texture": "#0"},
				"west": {"uv": [4.8, 12.8, 5.6, 13.6], "texture": "#0"},
				"up": {"uv": [4.8, 12.8, 5.6, 13.6], "texture": "#0"},
				"down": {"uv": [4.8, 12.8, 5.6, 13.6], "texture": "#0"}
			}
		},
		{
			"name": "anchor_104",
			"from": [0, 1.6, 7.6],
			"to": [0.8, 2.4, 8.4],
			"faces": {
				"north": {"uv": [0.8, 13.6, 0, 14.4], "texture": "#0"},
				"east": {"uv": [0, 13.6, 0.8, 14.4], "texture": "#0"},
				"south": {"uv": [0, 13.6, 0.8, 14.4], "texture": "#0"},
				"west": {"uv": [0, 13.6, 0.8, 14.4], "texture": "#0"},
				"up": {"uv": [0, 13.6, 0.8, 14.4], "texture": "#0"},
				"down": {"uv": [0, 13.6, 0.8, 14.4], "texture": "#0"}
			}
		},
		{
			"name": "anchor_105",
			"from": [0.8, 1.6, 7.6],
			"to": [1.6, 2.4, 8.4],
			"faces": {
				"north": {"uv": [1.6, 13.6, 0.8, 14.4], "texture": "#0"},
				"east": {"uv": [0.8, 13.6, 1.6, 14.4], "texture": "#0"},
				"south": {"uv": [0.8, 13.6, 1.6, 14.4], "texture": "#0"},
				"west": {"uv": [0.8, 13.6, 1.6, 14.4], "texture": "#0"},
				"up": {"uv": [0.8, 13.6, 1.6, 14.4], "texture": "#0"},
				"down": {"uv": [0.8, 13.6, 1.6, 14.4], "texture": "#0"}
			}
		},
		{
			"name": "anchor_106",
			"from": [1.6, 1.6, 7.6],
			"to": [2.4, 2.4, 8.4],
			"faces": {
				"north": {"uv": [2.4, 13.6, 1.6, 14.4], "texture": "#0"},
				"east": {"uv": [1.6, 13.6, 2.4, 14.4], "texture": "#0"},
				"south": {"uv": [1.6, 13.6, 2.4, 14.4], "texture": "#0"},
				"west": {"uv": [1.6, 13.6, 2.4, 14.4], "texture": "#0"},
				"up": {"uv": [1.6, 13.6, 2.4, 14.4], "texture": "#0"},
				"down": {"uv": [1.6, 13.6, 2.4, 14.4], "texture": "#0"}
			}
		},
		{
			"name": "anchor_107",
			"from": [2.4, 1.6, 7.6],
			"to": [3.2, 2.4, 8.4],
			"faces": {
				"north": {"uv": [3.2, 13.6, 2.4, 14.4], "texture": "#0"},
				"east": {"uv": [2.4, 13.6, 3.2, 14.4], "texture": "#0"},
				"south": {"uv": [2.4, 13.6, 3.2, 14.4], "texture": "#0"},
				"west": {"uv": [2.4, 13.6, 3.2, 14.4], "texture": "#0"},
				"up": {"uv": [2.4, 13.6, 3.2, 14.4], "texture": "#0"},
				"down": {"uv": [2.4, 13.6, 3.2, 14.4], "texture": "#0"}
			}
		},
		{
			"name": "anchor_108",
			"from": [4.8, 1.6, 7.6],
			"to": [5.6, 2.4, 8.4],
			"faces": {
				"north": {"uv": [5.6, 13.6, 4.8, 14.4], "texture": "#0"},
				"east": {"uv": [4.8, 13.6, 5.6, 14.4], "texture": "#0"},
				"south": {"uv": [4.8, 13.6, 5.6, 14.4], "texture": "#0"},
				"west": {"uv": [4.8, 13.6, 5.6, 14.4], "texture": "#0"},
				"up": {"uv": [4.8, 13.6, 5.6, 14.4], "texture": "#0"},
				"down": {"uv": [4.8, 13.6, 5.6, 14.4], "texture": "#0"}
			}
		},
		{
			"name": "anchor_109",
			"from": [5.6, 1.6, 7.6],
			"to": [6.4, 2.4, 8.4],
			"faces": {
				"north": {"uv": [6.4, 13.6, 5.6, 14.4], "texture": "#0"},
				"east": {"uv": [5.6, 13.6, 6.4, 14.4], "texture": "#0"},
				"south": {"uv": [5.6, 13.6, 6.4, 14.4], "texture": "#0"},
				"west": {"uv": [5.6, 13.6, 6.4, 14.4], "texture": "#0"},
				"up": {"uv": [5.6, 13.6, 6.4, 14.4], "texture": "#0"},
				"down": {"uv": [5.6, 13.6, 6.4, 14.4], "texture": "#0"}
			}
		},
		{
			"name": "anchor_110",
			"from": [0, 0.8, 7.6],
			"to": [0.8, 1.6, 8.4],
			"faces": {
				"north": {"uv": [0.8, 14.4, 0, 15.2], "texture": "#0"},
				"east": {"uv": [0, 14.4, 0.8, 15.2], "texture": "#0"},
				"south": {"uv": [0, 14.4, 0.8, 15.2], "texture": "#0"},
				"west": {"uv": [0, 14.4, 0.8, 15.2], "texture": "#0"},
				"up": {"uv": [0, 14.4, 0.8, 15.2], "texture": "#0"},
				"down": {"uv": [0, 14.4, 0.8, 15.2], "texture": "#0"}
			}
		},
		{
			"name": "anchor_111",
			"from": [1.6, 0.8, 7.6],
			"to": [2.4, 1.6, 8.4],
			"faces": {
				"north": {"uv": [2.4, 14.4, 1.6, 15.2], "texture": "#0"},
				"east": {"uv": [1.6, 14.4, 2.4, 15.2], "texture": "#0"},
				"south": {"uv": [1.6, 14.4, 2.4, 15.2], "texture": "#0"},
				"west": {"uv": [1.6, 14.4, 2.4, 15.2], "texture": "#0"},
				"up": {"uv": [1.6, 14.4, 2.4, 15.2], "texture": "#0"},
				"down": {"uv": [1.6, 14.4, 2.4, 15.2], "texture": "#0"}
			}
		},
		{
			"name": "anchor_112",
			"from": [0, 0, 7.6],
			"to": [0.8, 0.8, 8.4],
			"faces": {
				"north": {"uv": [0.8, 15.2, 0, 16], "texture": "#0"},
				"east": {"uv": [0, 15.2, 0.8, 16], "texture": "#0"},
				"south": {"uv": [0, 15.2, 0.8, 16], "texture": "#0"},
				"west": {"uv": [0, 15.2, 0.8, 16], "texture": "#0"},
				"up": {"uv": [0, 15.2, 0.8, 16], "texture": "#0"},
				"down": {"uv": [0, 15.2, 0.8, 16], "texture": "#0"}
			}
		},
		{
			"name": "anchor_113",
			"from": [0.8, 0, 7.6],
			"to": [1.6, 0.8, 8.4],
			"faces": {
				"north": {"uv": [1.6, 15.2, 0.8, 16], "texture": "#0"},
				"east": {"uv": [0.8, 15.2, 1.6, 16], "texture": "#0"},
				"south": {"uv": [0.8, 15.2, 1.6, 16], "texture": "#0"},
				"west": {"uv": [0.8, 15.2, 1.6, 16], "texture": "#0"},
				"up": {"uv": [0.8, 15.2, 1.6, 16], "texture": "#0"},
				"down": {"uv": [0.8, 15.2, 1.6, 16], "texture": "#0"}
			}
		},
		{
			"name": "anchor_114",
			"from": [1.6, 0, 7.6],
			"to": [2.4, 0.8, 8.4],
			"faces": {
				"north": {"uv": [2.4, 15.2, 1.6, 16], "texture": "#0"},
				"east": {"uv": [1.6, 15.2, 2.4, 16], "texture": "#0"},
				"south": {"uv": [1.6, 15.2, 2.4, 16], "texture": "#0"},
				"west": {"uv": [1.6, 15.2, 2.4, 16], "texture": "#0"},
				"up": {"uv": [1.6, 15.2, 2.4, 16], "texture": "#0"},
				"down": {"uv": [1.6, 15.2, 2.4, 16], "texture": "#0"}
			}
		}
	],
	"gui_light": "front",
	"display": {
		"thirdperson_righthand": {
			"rotation": [0, -90, 55],
			"translation": [0, 8.25, 0.5],
			"scale": [1.2, 1.2, 1.2]
		},
		"thirdperson_lefthand": {
			"rotation": [0, 90, -55],
			"translation": [0, 8.25, 0.5],
			"scale": [1.2, 1.2, 1.2]
		},
		"firstperson_righthand": {
			"rotation": [0, -90, 25],
			"translation": [1.13, 5.75, 1.13],
			"scale": [1.2, 1.2, 1.2]
		},
		"firstperson_lefthand": {
			"rotation": [0, 90, -25],
			"translation": [1.13, 5.75, 1.13],
			"scale": [1.2, 1.2, 1.2]
		},
		"ground": {
			"translation": [0, 6, 0],
			"scale": [1.2, 1.2, 1.2]
		},
		"fixed": {
			"rotation": [0, 180, 0]
		}
	},
	"groups": [
		{
			"name": "anchor",
			"origin": [8, 8, 8],
			"color": 0,
			"children": [
				0,
				1,
				2,
				3,
				4,
				5,
				6,
				7,
				8,
				9,
				10,
				11,
				12,
				13,
				14,
				15,
				16,
				17,
				18,
				19,
				20,
				21,
				22,
				23,
				24,
				25,
				26,
				27,
				28,
				29,
				30,
				31,
				32,
				33,
				34,
				35,
				36,
				37,
				38,
				39,
				40,
				41,
				42,
				43,
				44,
				45,
				46,
				47,
				48,
				49,
				50,
				51,
				52,
				53,
				54,
				55,
				56,
				57,
				58,
				59,
				60,
				61,
				62,
				63,
				64,
				65,
				66,
				67,
				68,
				69,
				70,
				71,
				72,
				73,
				74,
				75,
				76,
				77,
				78,
				79,
				80,
				81,
				82,
				83,
				84,
				85,
				86,
				87,
				88,
				89,
				90,
				91,
				92,
				93,
				94,
				95,
				96,
				97,
				98,
				99,
				100,
				101,
				102,
				103,
				104,
				105,
				106,
				107,
				108,
				109,
				110,
				111,
				112,
				113,
				114
			]
		}
	]
}