{
	"credit": "Made with Blockbench",
	"parent": "stone_axe",
	"textures": {
		"0": "item/bone_cudgel",
		"particle": "item/bone_cudgel"
	},
	"elements": [
		{
			"from": [6, -5, 8],
			"to": [10, -2, 12],
			"faces": {
				"north": {"uv": [12, 3, 13.5, 5], "rotation": 90, "texture": "#0"},
				"east": {"uv": [12, 5, 13.5, 7], "rotation": 90, "texture": "#0"},
				"south": {"uv": [12, 7, 13.5, 9], "rotation": 90, "texture": "#0"},
				"west": {"uv": [12, 9, 13.5, 11], "rotation": 90, "texture": "#0"},
				"up": {"uv": [13.5, 8.5, 15.5, 10.5], "texture": "#0"},
				"down": {"uv": [13.5, 6.5, 15.5, 8.5], "texture": "#0"}
			}
		},
		{
			"from": [7, -2, 9],
			"to": [9, 4, 11],
			"faces": {
				"north": {"uv": [15, 12, 16, 15], "texture": "#0"},
				"east": {"uv": [13, 12, 12, 15], "texture": "#0"},
				"south": {"uv": [13, 12, 14, 15], "texture": "#0"},
				"west": {"uv": [14, 12, 15, 15], "texture": "#0"},
				"up": {"uv": [13.5, 8.5, 15.5, 10.5], "texture": "#0"},
				"down": {"uv": [13.5, 6.5, 15.5, 8.5], "texture": "#0"}
			}
		},
		{
			"from": [6, 4, 6],
			"to": [10, 32, 14],
			"faces": {
				"north": {"uv": [10, 0, 12, 14], "texture": "#0"},
				"east": {"uv": [6, 0, 10, 14], "texture": "#0"},
				"south": {"uv": [4, 0, 6, 14], "texture": "#0"},
				"west": {"uv": [0, 0, 4, 14], "texture": "#0"},
				"up": {"uv": [4, 14, 8, 16], "rotation": 90, "texture": "#0"},
				"down": {"uv": [0, 14, 4, 16], "rotation": 90, "texture": "#0"}
			}
		},
		{
			"from": [7, 25, 14],
			"to": [9, 28, 17],
			"faces": {
				"north": {"uv": [12, 14.5, 13, 16], "texture": "#0"},
				"east": {"uv": [11, 14, 9.5, 15.5], "texture": "#0"},
				"south": {"uv": [13, 14.5, 14, 16], "texture": "#0"},
				"west": {"uv": [8, 14, 9.5, 15.5], "texture": "#0"},
				"up": {"uv": [14, 14.5, 15, 16], "texture": "#0"},
				"down": {"uv": [15, 14.5, 16, 16], "texture": "#0"}
			}
		},
		{
			"from": [7, 25, 3],
			"to": [9, 28, 6],
			"faces": {
				"north": {"uv": [15, 0, 16, 1.5], "texture": "#0"},
				"east": {"uv": [15, 1.5, 13.5, 3], "rotation": 90, "texture": "#0"},
				"south": {"uv": [15, 4.5, 16, 6], "texture": "#0"},
				"west": {"uv": [13.5, 0, 15, 1.5], "rotation": 90, "texture": "#0"},
				"up": {"uv": [15, 3, 16, 4.5], "rotation": 180, "texture": "#0"},
				"down": {"uv": [15, 1.5, 16, 3], "rotation": 180, "texture": "#0"}
			}
		}
	],
	"gui_light": "front",
	"display": {
		"thirdperson_righthand": {
			"translation": [0, 5, 0]
		},
		"thirdperson_lefthand": {
			"translation": [0, 5, 0]
		},
		"firstperson_righthand": {
			"translation": [0, 5, 0],
			"scale": [0.6, 0.6, 0.6]
		},
		"firstperson_lefthand": {
			"translation": [0, 5, 0],
			"scale": [0.6, 0.6, 0.6]
		},
		"ground": {
			"rotation": [45, 0, 0],
			"translation": [0, 5, -2],
			"scale": [0.6, 0.6, 0.6]
		},
		"gui": {
			"rotation": [-90, -45, -90],
			"translation": [-1.5, -3, 0],
			"scale": [0.5, 0.5, 0.5]
		},
		"fixed": {
			"rotation": [90, -45, 90],
			"translation": [3, -1.5, 0],
			"scale": [0.6, 0.6, 0.6]
		}
	}
}