{
    "parent": "minecraft:item/handheld",
    "textures": {
      "layer0": "minecraft:item/diamond_sword"
    },
    "overrides": [
      {
        "predicate": {
          "custom_model_data": 2540001
        },
        "model": "minecraft:item/hard-pressed_sword"
      },
      {
        "predicate": {
          "custom_model_data": 2540002
        },
        "model": "minecraft:item/rage_katana"
      },
      {
        "predicate": {
          "custom_model_data": 2540003
        },
        "model": "minecraft:item/mystic"
      }
    ]
  }
  