{
	"credit": "Made with Blockbench",
	"parent": "carved_pumpkin",
	"texture_size": [64, 64],
	"textures": {
		"0": "item/diving_helmet",
		"particle": "item/diving_helmet"
	},
	"elements": [
		{
			"from": [4, 3, -2],
			"to": [12, 5, 0],
			"faces": {
				"north": {"uv": [4, 8, 6, 8.5], "texture": "#0"},
				"east": {"uv": [8.5, 7, 9, 7.5], "texture": "#0"},
				"south": {"uv": [8, 4, 10, 4.5], "texture": "#0"},
				"west": {"uv": [7.5, 8.5, 8, 9], "texture": "#0"},
				"up": {"uv": [10, 5, 8, 4.5], "texture": "#0"},
				"down": {"uv": [10, 5, 8, 5.5], "texture": "#0"}
			}
		},
		{
			"from": [12, 4, -2],
			"to": [14, 10, 0],
			"faces": {
				"north": {"uv": [5.5, 8.5, 6, 10], "texture": "#0"},
				"east": {"uv": [6, 8.5, 6.5, 10], "texture": "#0"},
				"south": {"uv": [6.5, 8.5, 7, 10], "texture": "#0"},
				"west": {"uv": [7, 8.5, 7.5, 10], "texture": "#0"},
				"up": {"uv": [9.5, 7.5, 9, 7], "texture": "#0"},
				"down": {"uv": [8, 9, 7.5, 9.5], "texture": "#0"}
			}
		},
		{
			"from": [4.5, 5, -1],
			"to": [5, 9, -0.5],
			"faces": {
				"north": {"uv": [9, 7.5, 9.25, 8.5], "texture": "#0"},
				"east": {"uv": [8, 9, 8.25, 10], "texture": "#0"},
				"south": {"uv": [8.25, 9, 8.5, 10], "texture": "#0"},
				"west": {"uv": [8.5, 9, 8.75, 10], "texture": "#0"},
				"up": {"uv": [10, 8.25, 9.75, 8], "texture": "#0"},
				"down": {"uv": [10, 8.25, 9.75, 8.5], "texture": "#0"}
			}
		},
		{
			"from": [6.5, 5, -1],
			"to": [7, 9, -0.5],
			"faces": {
				"north": {"uv": [9.5, 7, 9.75, 8], "texture": "#0"},
				"east": {"uv": [7.5, 9.5, 7.75, 10.5], "texture": "#0"},
				"south": {"uv": [7.75, 9.5, 8, 10.5], "texture": "#0"},
				"west": {"uv": [9.5, 8, 9.75, 9], "texture": "#0"},
				"up": {"uv": [10, 9.25, 9.75, 9], "texture": "#0"},
				"down": {"uv": [10, 9.25, 9.75, 9.5], "texture": "#0"}
			}
		},
		{
			"from": [11, 5, -1],
			"to": [11.5, 9, -0.5],
			"faces": {
				"north": {"uv": [9, 8.5, 9.25, 9.5], "texture": "#0"},
				"east": {"uv": [8.75, 9, 9, 10], "texture": "#0"},
				"south": {"uv": [9.25, 7.5, 9.5, 8.5], "texture": "#0"},
				"west": {"uv": [9.25, 8.5, 9.5, 9.5], "texture": "#0"},
				"up": {"uv": [10, 8.75, 9.75, 8.5], "texture": "#0"},
				"down": {"uv": [10, 8.75, 9.75, 9], "texture": "#0"}
			}
		},
		{
			"from": [9, 5, -1],
			"to": [9.5, 9, -0.5],
			"faces": {
				"north": {"uv": [9, 9.5, 9.25, 10.5], "texture": "#0"},
				"east": {"uv": [9.5, 9, 9.75, 10], "texture": "#0"},
				"south": {"uv": [9.25, 9.5, 9.5, 10.5], "texture": "#0"},
				"west": {"uv": [9.75, 7, 10, 8], "texture": "#0"},
				"up": {"uv": [10, 9.75, 9.75, 9.5], "texture": "#0"},
				"down": {"uv": [10, 9.75, 9.75, 10], "texture": "#0"}
			}
		},
		{
			"from": [2, 4, -2],
			"to": [4, 10, 0],
			"faces": {
				"north": {"uv": [8, 7, 8.5, 8.5], "texture": "#0"},
				"east": {"uv": [4, 8.5, 4.5, 10], "texture": "#0"},
				"south": {"uv": [4.5, 8.5, 5, 10], "texture": "#0"},
				"west": {"uv": [5, 8.5, 5.5, 10], "texture": "#0"},
				"up": {"uv": [9, 8.5, 8.5, 8], "texture": "#0"},
				"down": {"uv": [9, 8.5, 8.5, 9], "texture": "#0"}
			}
		},
		{
			"from": [4, 9, -2],
			"to": [12, 11, 0],
			"faces": {
				"north": {"uv": [8, 5.5, 10, 6], "texture": "#0"},
				"east": {"uv": [8.5, 7.5, 9, 8], "texture": "#0"},
				"south": {"uv": [6, 8, 8, 8.5], "texture": "#0"},
				"west": {"uv": [8, 8.5, 8.5, 9], "texture": "#0"},
				"up": {"uv": [10, 6.5, 8, 6], "texture": "#0"},
				"down": {"uv": [10, 6.5, 8, 7], "texture": "#0"}
			}
		},
		{
			"name": "helmet",
			"from": [0, 0, 0],
			"to": [16, 16, 16],
			"faces": {
				"north": {"uv": [0, 0, 4, 4], "texture": "#0"},
				"east": {"uv": [0, 4, 4, 8], "texture": "#0"},
				"south": {"uv": [4, 0, 8, 4], "texture": "#0"},
				"west": {"uv": [4, 4, 8, 8], "texture": "#0"},
				"up": {"uv": [4, 12, 0, 8], "texture": "#0"},
				"down": {"uv": [12, 0, 8, 4], "texture": "#0"}
			}
		}
	],
	"display": {
		"thirdperson_righthand": {
			"rotation": [75, 45, 0],
			"translation": [0, 2.5, 0],
			"scale": [0.375, 0.375, 0.375]
		},
		"thirdperson_lefthand": {
			"rotation": [75, 45, 0],
			"translation": [0, 2.5, 0],
			"scale": [0.375, 0.375, 0.375]
		},
		"firstperson_righthand": {
			"rotation": [0, 45, 0],
			"scale": [0.4, 0.4, 0.4]
		},
		"firstperson_lefthand": {
			"rotation": [0, 225, 0],
			"scale": [0.4, 0.4, 0.4]
		},
		"ground": {
			"translation": [0, 3, 0],
			"scale": [0.25, 0.25, 0.25]
		},
		"gui": {
			"rotation": [30, 135, 0],
			"scale": [0.625, 0.625, 0.625]
		},
		"fixed": {
			"scale": [0.5, 0.5, 0.5]
		}
	},
	"groups": [
		{
			"name": "face",
			"origin": [0, 0, 0],
			"color": 0,
			"children": [0, 1, 2, 3, 4, 5, 6, 7]
		},
		8
	]
}