{
	"credit": "Made with Blockbench",
	"parent": "fishing_rod",
	"texture_size": [64, 64],
	"textures": {
		"0": "item/doc",
		"particle": "item/doc"
	},
	"elements": [
		{
			"from": [6, 12, -1.825],
			"to": [10, 14, 2.175],
			"faces": {
				"north": {"uv": [5.25, 0, 6.25, 0.5], "texture": "#0"},
				"east": {"uv": [5.25, 0.5, 6.25, 1], "texture": "#0"},
				"south": {"uv": [5.5, 2.75, 6.5, 3.25], "texture": "#0"},
				"west": {"uv": [5.5, 3.25, 6.5, 3.75], "texture": "#0"},
				"up": {"uv": [1, 1, 0, 0], "texture": "#0"},
				"down": {"uv": [1, 1, 0, 2], "texture": "#0"}
			}
		},
		{
			"from": [7, 7.88358, 0.58323],
			"to": [9, 13.05858, 2.58323],
			"rotation": {"angle": -22.5, "axis": "x", "origin": [8, 8.98358, 2.50823]},
			"faces": {
				"north": {"uv": [2.25, 4, 2.75, 5.25], "texture": "#0"},
				"east": {"uv": [2.75, 4, 3.25, 5.25], "texture": "#0"},
				"south": {"uv": [4, 3.25, 4.5, 4.5], "texture": "#0"},
				"west": {"uv": [0, 4.5, 0.5, 5.75], "texture": "#0"},
				"up": {"uv": [8, 6.5, 7.5, 6], "texture": "#0"},
				"down": {"uv": [8, 6.5, 7.5, 7], "texture": "#0"}
			}
		},
		{
			"from": [7, 0, 1],
			"to": [9, 8, 3],
			"faces": {
				"north": {"uv": [1, 0, 1.5, 2], "texture": "#0"},
				"east": {"uv": [1.5, 0, 2, 2], "texture": "#0"},
				"south": {"uv": [0, 2, 0.5, 4], "texture": "#0"},
				"west": {"uv": [2, 0, 2.5, 2], "texture": "#0"},
				"up": {"uv": [8, 7.5, 7.5, 7], "texture": "#0"},
				"down": {"uv": [8, 7.5, 7.5, 8], "texture": "#0"}
			}
		},
		{
			"from": [10.31093, 23.23825, 9.22425],
			"to": [12.31093, 26.23825, 10.22425],
			"rotation": {"angle": -22.5, "axis": "x", "origin": [11.30585, 24.81754, 2.20823]},
			"faces": {
				"north": {"uv": [4.5, 6.75, 5, 7.5], "texture": "#0"},
				"east": {"uv": [4.25, 4.5, 4.5, 5.25], "texture": "#0"},
				"south": {"uv": [5, 6.75, 5.5, 7.5], "texture": "#0"},
				"west": {"uv": [2, 7.5, 2.25, 8.25], "texture": "#0"},
				"up": {"uv": [8.5, 7.75, 8, 7.5], "texture": "#0"},
				"down": {"uv": [8.5, 7.75, 8, 8], "texture": "#0"}
			}
		},
		{
			"from": [10.31093, 24.23825, 2.22425],
			"to": [12.31093, 26.23825, 9.22425],
			"rotation": {"angle": -22.5, "axis": "x", "origin": [11.30585, 24.81754, 2.20823]},
			"faces": {
				"north": {"uv": [7.75, 1.25, 8.25, 1.75], "texture": "#0"},
				"east": {"uv": [3.5, 0, 5.25, 0.5], "texture": "#0"},
				"south": {"uv": [7.75, 1.75, 8.25, 2.25], "texture": "#0"},
				"west": {"uv": [3.5, 0.5, 5.25, 1], "texture": "#0"},
				"up": {"uv": [4, 2.75, 3.5, 1], "texture": "#0"},
				"down": {"uv": [4, 2.75, 3.5, 4.5], "texture": "#0"}
			}
		},
		{
			"from": [9.31093, 24.2355, -1.81677],
			"to": [13.31093, 26.2355, 2.18323],
			"rotation": {"angle": 22.5, "axis": "x", "origin": [11.48085, 19.91754, 0.18323]},
			"faces": {
				"north": {"uv": [5.5, 3.75, 6.5, 4.25], "texture": "#0"},
				"east": {"uv": [5.5, 4.25, 6.5, 4.75], "texture": "#0"},
				"south": {"uv": [5.5, 4.75, 6.5, 5.25], "texture": "#0"},
				"west": {"uv": [0, 5.75, 1, 6.25], "texture": "#0"},
				"up": {"uv": [1.5, 3, 0.5, 2], "texture": "#0"},
				"down": {"uv": [2.5, 2, 1.5, 3], "texture": "#0"}
			}
		},
		{
			"from": [10.31093, 19.0605, -0.81677],
			"to": [12.31093, 24.2355, 1.18323],
			"rotation": {"angle": 22.5, "axis": "x", "origin": [11.48085, 19.91754, 0.18323]},
			"faces": {
				"north": {"uv": [0.5, 4.5, 1, 5.75], "texture": "#0"},
				"east": {"uv": [1, 4.5, 1.5, 5.75], "texture": "#0"},
				"south": {"uv": [4.5, 1.5, 5, 2.75], "texture": "#0"},
				"west": {"uv": [4.5, 2.75, 5, 4], "texture": "#0"},
				"up": {"uv": [8.5, 2.75, 8, 2.25], "texture": "#0"},
				"down": {"uv": [8.5, 2.75, 8, 3.25], "texture": "#0"}
			}
		},
		{
			"from": [9.175, 18.2, -1.825],
			"to": [13.175, 20.2, 2.175],
			"rotation": {"angle": -22.5, "axis": "z", "origin": [11, 20, 0.175]},
			"faces": {
				"north": {"uv": [1, 5.75, 2, 6.25], "texture": "#0"},
				"east": {"uv": [5.75, 1, 6.75, 1.5], "texture": "#0"},
				"south": {"uv": [3.25, 5.75, 4.25, 6.25], "texture": "#0"},
				"west": {"uv": [5.75, 5.25, 6.75, 5.75], "texture": "#0"},
				"up": {"uv": [3.5, 1, 2.5, 0], "texture": "#0"},
				"down": {"uv": [3.5, 1, 2.5, 2], "texture": "#0"}
			}
		},
		{
			"from": [7.24308, 13.67571, -0.81677],
			"to": [9.24308, 18.85071, 1.18323],
			"rotation": {"angle": -22.5, "axis": "z", "origin": [7.98085, 12.91754, 0.18323]},
			"faces": {
				"north": {"uv": [3.25, 4.5, 3.75, 5.75], "texture": "#0"},
				"east": {"uv": [3.75, 4.5, 4.25, 5.75], "texture": "#0"},
				"south": {"uv": [4.5, 4, 5, 5.25], "texture": "#0"},
				"west": {"uv": [5, 1.5, 5.5, 2.75], "texture": "#0"},
				"up": {"uv": [8.5, 3.75, 8, 3.25], "texture": "#0"},
				"down": {"uv": [8.5, 3.75, 8, 4.25], "texture": "#0"}
			}
		},
		{
			"from": [3.81093, 23.23825, 9.22425],
			"to": [5.81093, 26.23825, 10.22425],
			"rotation": {"angle": -22.5, "axis": "x", "origin": [4.80585, 24.81754, 2.20823]},
			"faces": {
				"north": {"uv": [6.75, 5, 7.25, 5.75], "texture": "#0"},
				"east": {"uv": [6.5, 7.75, 6.75, 8.5], "texture": "#0"},
				"south": {"uv": [6.75, 5.75, 7.25, 6.5], "texture": "#0"},
				"west": {"uv": [3, 8, 3.25, 8.75], "texture": "#0"},
				"up": {"uv": [8.5, 8.25, 8, 8], "texture": "#0"},
				"down": {"uv": [0.5, 8.25, 0, 8.5], "texture": "#0"}
			}
		},
		{
			"from": [3.81093, 24.23825, 2.22425],
			"to": [5.81093, 26.23825, 9.22425],
			"rotation": {"angle": -22.5, "axis": "x", "origin": [4.80585, 24.81754, 2.20823]},
			"faces": {
				"north": {"uv": [8, 4.25, 8.5, 4.75], "texture": "#0"},
				"east": {"uv": [0, 4, 1.75, 4.5], "texture": "#0"},
				"south": {"uv": [4.5, 8, 5, 8.5], "texture": "#0"},
				"west": {"uv": [4, 1, 5.75, 1.5], "texture": "#0"},
				"up": {"uv": [4.5, 3.25, 4, 1.5], "texture": "#0"},
				"down": {"uv": [2.25, 4, 1.75, 5.75], "texture": "#0"}
			}
		},
		{
			"from": [2.81093, 24.2355, -1.81677],
			"to": [6.81093, 26.2355, 2.18323],
			"rotation": {"angle": 22.5, "axis": "x", "origin": [4.98085, 19.91754, 0.18323]},
			"faces": {
				"north": {"uv": [5.75, 5.75, 6.75, 6.25], "texture": "#0"},
				"east": {"uv": [6, 1.5, 7, 2], "texture": "#0"},
				"south": {"uv": [6, 2, 7, 2.5], "texture": "#0"},
				"west": {"uv": [0, 6.25, 1, 6.75], "texture": "#0"},
				"up": {"uv": [3.5, 3, 2.5, 2], "texture": "#0"},
				"down": {"uv": [1.5, 3, 0.5, 4], "texture": "#0"}
			}
		},
		{
			"from": [3.81093, 19.0605, -0.81677],
			"to": [5.81093, 24.2355, 1.18323],
			"rotation": {"angle": 22.5, "axis": "x", "origin": [4.98085, 19.91754, 0.18323]},
			"faces": {
				"north": {"uv": [5, 2.75, 5.5, 4], "texture": "#0"},
				"east": {"uv": [5, 4, 5.5, 5.25], "texture": "#0"},
				"south": {"uv": [2.25, 5.25, 2.75, 6.5], "texture": "#0"},
				"west": {"uv": [2.75, 5.25, 3.25, 6.5], "texture": "#0"},
				"up": {"uv": [8.5, 5.25, 8, 4.75], "texture": "#0"},
				"down": {"uv": [5.5, 8, 5, 8.5], "texture": "#0"}
			}
		},
		{
			"from": [3.25, 18.525, -1.825],
			"to": [7.25, 20.525, 2.175],
			"rotation": {"angle": 22.5, "axis": "z", "origin": [6, 19, 0.175]},
			"faces": {
				"north": {"uv": [6.25, 0, 7.25, 0.5], "texture": "#0"},
				"east": {"uv": [6.25, 0.5, 7.25, 1], "texture": "#0"},
				"south": {"uv": [1, 6.25, 2, 6.75], "texture": "#0"},
				"west": {"uv": [3.25, 6.25, 4.25, 6.75], "texture": "#0"},
				"up": {"uv": [2.5, 4, 1.5, 3], "texture": "#0"},
				"down": {"uv": [3.5, 3, 2.5, 4], "texture": "#0"}
			}
		},
		{
			"from": [6.74308, 13.67571, -0.81677],
			"to": [8.74308, 18.85071, 1.18323],
			"rotation": {"angle": 22.5, "axis": "z", "origin": [7.98085, 12.91754, 0.18323]},
			"faces": {
				"north": {"uv": [4.25, 5.25, 4.75, 6.5], "texture": "#0"},
				"east": {"uv": [4.75, 5.25, 5.25, 6.5], "texture": "#0"},
				"south": {"uv": [5.25, 5.25, 5.75, 6.5], "texture": "#0"},
				"west": {"uv": [5.5, 1.5, 6, 2.75], "texture": "#0"},
				"up": {"uv": [8.5, 5.75, 8, 5.25], "texture": "#0"},
				"down": {"uv": [6, 8, 5.5, 8.5], "texture": "#0"}
			}
		},
		{
			"from": [6, 6, 1],
			"to": [7, 7, 3],
			"faces": {
				"north": {"uv": [4.25, 8.25, 4.5, 8.5], "texture": "#0"},
				"east": {"uv": [6, 2.5, 6.5, 2.75], "texture": "#0"},
				"south": {"uv": [8.25, 5.75, 8.5, 6], "texture": "#0"},
				"west": {"uv": [7.5, 3.25, 8, 3.5], "texture": "#0"},
				"up": {"uv": [3.5, 4.5, 3.25, 4], "texture": "#0"},
				"down": {"uv": [8.25, 5.75, 8, 6.25], "texture": "#0"}
			}
		},
		{
			"from": [9, 6, 1],
			"to": [10, 7, 3],
			"faces": {
				"north": {"uv": [6, 8.25, 6.25, 8.5], "texture": "#0"},
				"east": {"uv": [6, 8, 6.5, 8.25], "texture": "#0"},
				"south": {"uv": [8.25, 6, 8.5, 6.25], "texture": "#0"},
				"west": {"uv": [8, 6.25, 8.5, 6.5], "texture": "#0"},
				"up": {"uv": [8.25, 7, 8, 6.5], "texture": "#0"},
				"down": {"uv": [7, 8, 6.75, 8.5], "texture": "#0"}
			}
		},
		{
			"from": [7, 6, 0],
			"to": [9, 7, 1],
			"faces": {
				"north": {"uv": [7, 8, 7.5, 8.25], "texture": "#0"},
				"east": {"uv": [6.25, 8.25, 6.5, 8.5], "texture": "#0"},
				"south": {"uv": [8, 7, 8.5, 7.25], "texture": "#0"},
				"west": {"uv": [8.25, 6.5, 8.5, 6.75], "texture": "#0"},
				"up": {"uv": [8.5, 7.5, 8, 7.25], "texture": "#0"},
				"down": {"uv": [8, 8, 7.5, 8.25], "texture": "#0"}
			}
		},
		{
			"from": [7, 5, 3],
			"to": [9, 7, 5],
			"faces": {
				"north": {"uv": [7.5, 2.25, 8, 2.75], "texture": "#0"},
				"east": {"uv": [7.5, 2.75, 8, 3.25], "texture": "#0"},
				"south": {"uv": [4.5, 7.5, 5, 8], "texture": "#0"},
				"west": {"uv": [5, 7.5, 5.5, 8], "texture": "#0"},
				"up": {"uv": [8, 5.5, 7.5, 5], "texture": "#0"},
				"down": {"uv": [8, 5.5, 7.5, 6], "texture": "#0"}
			}
		},
		{
			"from": [7.3, 7, 4.225],
			"to": [7.7, 14, 4.625],
			"rotation": {"angle": -22.5, "axis": "x", "origin": [7.5, 7, 4.625]},
			"faces": {
				"north": {"uv": [2, 5.75, 2.25, 7.5], "texture": "#0"},
				"east": {"uv": [5.75, 6.25, 6, 8], "texture": "#0"},
				"south": {"uv": [6, 6.25, 6.25, 8], "texture": "#0"},
				"west": {"uv": [6.25, 6.25, 6.5, 8], "texture": "#0"},
				"up": {"uv": [8.5, 0.5, 8.25, 0.25], "texture": "#0"},
				"down": {"uv": [0.75, 8.25, 0.5, 8.5], "texture": "#0"}
			}
		},
		{
			"from": [4.6, 19.925, 1.475],
			"to": [5, 23.925, 1.875],
			"rotation": {"angle": 22.5, "axis": "x", "origin": [4.825, 20.075, 1.475]},
			"faces": {
				"north": {"uv": [1.5, 4.5, 1.75, 5.5], "texture": "#0"},
				"east": {"uv": [5.5, 6.75, 5.75, 7.75], "texture": "#0"},
				"south": {"uv": [6.75, 7, 7, 8], "texture": "#0"},
				"west": {"uv": [7, 7, 7.25, 8], "texture": "#0"},
				"up": {"uv": [8.5, 0.75, 8.25, 0.5], "texture": "#0"},
				"down": {"uv": [1, 8.25, 0.75, 8.5], "texture": "#0"}
			}
		},
		{
			"from": [4.6, 24.325, 3.975],
			"to": [5, 24.725, 9.975],
			"rotation": {"angle": -22.5, "axis": "x", "origin": [4.8, 23.925, 4.475]},
			"faces": {
				"north": {"uv": [8.25, 0.75, 8.5, 1], "texture": "#0"},
				"east": {"uv": [4.25, 6.5, 5.75, 6.75], "texture": "#0"},
				"south": {"uv": [1, 8.25, 1.25, 8.5], "texture": "#0"},
				"west": {"uv": [6.5, 4.25, 8, 4.5], "texture": "#0"},
				"up": {"uv": [3.25, 8, 3, 6.5], "texture": "#0"},
				"down": {"uv": [6.75, 6.25, 6.5, 7.75], "texture": "#0"}
			}
		},
		{
			"from": [4.3, 26.23604, 9.35509],
			"to": [8.3, 26.63604, 9.75509],
			"rotation": {"angle": -22.5, "axis": "z", "origin": [4.55, 26.18604, 9.55509]},
			"faces": {
				"north": {"uv": [6.75, 4, 7.75, 4.25], "texture": "#0"},
				"east": {"uv": [8.25, 1, 8.5, 1.25], "texture": "#0"},
				"south": {"uv": [7, 3.5, 8, 3.75], "texture": "#0"},
				"west": {"uv": [1.25, 8.25, 1.5, 8.5], "texture": "#0"},
				"up": {"uv": [8, 4, 7, 3.75], "texture": "#0"},
				"down": {"uv": [8.25, 0, 7.25, 0.25], "texture": "#0"}
			}
		},
		{
			"from": [7.8, 26.23604, 9.35509],
			"to": [11.8, 26.63604, 9.75509],
			"rotation": {"angle": 22.5, "axis": "z", "origin": [11.55, 26.18604, 9.55509]},
			"faces": {
				"north": {"uv": [7.25, 0.25, 8.25, 0.5], "texture": "#0"},
				"east": {"uv": [8.25, 1.5, 8.5, 1.75], "texture": "#0"},
				"south": {"uv": [7.25, 0.5, 8.25, 0.75], "texture": "#0"},
				"west": {"uv": [1.75, 8.25, 2, 8.5], "texture": "#0"},
				"up": {"uv": [8.25, 1, 7.25, 0.75], "texture": "#0"},
				"down": {"uv": [8.25, 1, 7.25, 1.25], "texture": "#0"}
			}
		},
		{
			"from": [11.1, 24.325, 3.975],
			"to": [11.5, 24.725, 9.975],
			"rotation": {"angle": -22.5, "axis": "x", "origin": [11.3, 23.925, 4.475]},
			"faces": {
				"north": {"uv": [8.25, 1.75, 8.5, 2], "texture": "#0"},
				"east": {"uv": [6.5, 4.5, 8, 4.75], "texture": "#0"},
				"south": {"uv": [2, 8.25, 2.25, 8.5], "texture": "#0"},
				"west": {"uv": [6.5, 4.75, 8, 5], "texture": "#0"},
				"up": {"uv": [1.25, 8.25, 1, 6.75], "texture": "#0"},
				"down": {"uv": [1.5, 6.75, 1.25, 8.25], "texture": "#0"}
			}
		},
		{
			"from": [11.1, 19.925, 1.475],
			"to": [11.5, 23.925, 1.875],
			"rotation": {"angle": 22.5, "axis": "x", "origin": [11.325, 20.075, 1.475]},
			"faces": {
				"north": {"uv": [7.25, 5, 7.5, 6], "texture": "#0"},
				"east": {"uv": [7.25, 6, 7.5, 7], "texture": "#0"},
				"south": {"uv": [7.25, 7, 7.5, 8], "texture": "#0"},
				"west": {"uv": [7.5, 1.25, 7.75, 2.25], "texture": "#0"},
				"up": {"uv": [8.5, 2.25, 8.25, 2], "texture": "#0"},
				"down": {"uv": [2.5, 8.25, 2.25, 8.5], "texture": "#0"}
			}
		},
		{
			"from": [7.1, 14, 1.475],
			"to": [7.5, 20, 1.875],
			"rotation": {"angle": 22.5, "axis": "z", "origin": [7.7, 14, 1.675]},
			"faces": {
				"north": {"uv": [1.5, 6.75, 1.75, 8.25], "texture": "#0"},
				"east": {"uv": [1.75, 6.75, 2, 8.25], "texture": "#0"},
				"south": {"uv": [6.75, 2.5, 7, 4], "texture": "#0"},
				"west": {"uv": [3.25, 6.75, 3.5, 8.25], "texture": "#0"},
				"up": {"uv": [2.75, 8.5, 2.5, 8.25], "texture": "#0"},
				"down": {"uv": [3, 8.25, 2.75, 8.5], "texture": "#0"}
			}
		},
		{
			"from": [8.5, 14, 1.475],
			"to": [8.9, 20, 1.875],
			"rotation": {"angle": -22.5, "axis": "z", "origin": [8.3, 14, 1.675]},
			"faces": {
				"north": {"uv": [3.5, 6.75, 3.75, 8.25], "texture": "#0"},
				"east": {"uv": [3.75, 6.75, 4, 8.25], "texture": "#0"},
				"south": {"uv": [4, 6.75, 4.25, 8.25], "texture": "#0"},
				"west": {"uv": [4.25, 6.75, 4.5, 8.25], "texture": "#0"},
				"up": {"uv": [3.5, 8.5, 3.25, 8.25], "texture": "#0"},
				"down": {"uv": [3.75, 8.25, 3.5, 8.5], "texture": "#0"}
			}
		},
		{
			"from": [8.3, 7, 4.225],
			"to": [8.7, 14, 4.625],
			"rotation": {"angle": -22.5, "axis": "x", "origin": [7.5, 7, 4.625]},
			"faces": {
				"north": {"uv": [2.25, 6.5, 2.5, 8.25], "texture": "#0"},
				"east": {"uv": [2.5, 6.5, 2.75, 8.25], "texture": "#0"},
				"south": {"uv": [6.5, 2.5, 6.75, 4.25], "texture": "#0"},
				"west": {"uv": [2.75, 6.5, 3, 8.25], "texture": "#0"},
				"up": {"uv": [4, 8.5, 3.75, 8.25], "texture": "#0"},
				"down": {"uv": [4.25, 8.25, 4, 8.5], "texture": "#0"}
			}
		}
	],
	"gui_light": "front",
	"display": {
		"thirdperson_righthand": {
			"rotation": [9, 180, 0],
			"translation": [0, 3, -4.25]
		},
		"thirdperson_lefthand": {
			"rotation": [9, 180, 0],
			"translation": [0, 3, -4.25]
		},
		"firstperson_righthand": {
			"rotation": [-45, 180, 0],
			"translation": [2.25, 0, -3.5],
			"scale": [0.77, 0.77, 0.77]
		},
		"firstperson_lefthand": {
			"rotation": [-45, 180, 0],
			"translation": [2.25, 0, -3.5],
			"scale": [0.77, 0.77, 0.77]
		},
		"ground": {
			"rotation": [45, 0, 0]
		},
		"gui": {
			"rotation": [90, 45, -90],
			"translation": [-1.5, -5.5, 0],
			"scale": [0.67, 0.67, 0.67]
		},
		"fixed": {
			"rotation": [90, -45, 90],
			"translation": [1.75, -6.25, 0],
			"scale": [0.74, 0.74, 0.74]
		}
	},
	"groups": [
		{
			"name": "pole",
			"origin": [7.98085, 12.91754, 0.18323],
			"color": 0,
			"children": [
				{
					"name": "center grip",
					"origin": [0, 0, 0],
					"color": 0,
					"children": [0, 1, 2]
				},
				{
					"name": "left",
					"origin": [7.98085, 12.91754, 0.18323],
					"color": 0,
					"children": [3, 4, 5, 6, 7, 8]
				},
				{
					"name": "right",
					"origin": [7.98085, 12.91754, 0.18323],
					"color": 0,
					"children": [9, 10, 11, 12, 13, 14]
				}
			]
		},
		{
			"name": "reel",
			"origin": [0, 0, 0],
			"color": 0,
			"children": [15, 16, 17, 18]
		},
		{
			"name": "strings",
			"origin": [0, 0, 0],
			"color": 0,
			"children": [19, 20, 21, 22, 23, 24, 25, 26, 27, 28]
		}
	]
}