{
    "parent": "minecraft:item/handheld",
    "textures": {
      "layer0": "minecraft:item/iron_sword"
    },
    "overrides": [
      {
        "predicate": {
          "custom_model_data": 2540001
        },
        "model": "minecraft:item/firebrand"
      },
      {
        "predicate": {
          "custom_model_data": 2540002
        },
        "model": "minecraft:item/frostfang"
      },
      {
        "predicate": {
          "custom_model_data": 2540003
        },
        "model": "minecraft:item/splatana"
      }
    ]
  }
  