{
	"credit": "Made with Blockbench",
	"parent": "diamond_sword",
	"texture_size": [32, 32],
	"textures": {
		"0": "item/rage_katana",
		"particle": "item/rage_katana"
	},
	"elements": [
		{
			"from": [6, 7, 6],
			"to": [10, 8, 10],
			"faces": {
				"north": {"uv": [6, 2, 8, 2.5], "texture": "#0"},
				"east": {"uv": [6, 2.5, 8, 3], "texture": "#0"},
				"south": {"uv": [6, 3, 8, 3.5], "texture": "#0"},
				"west": {"uv": [6, 3.5, 8, 4], "texture": "#0"},
				"up": {"uv": [5, 2, 3, 0], "texture": "#0"},
				"down": {"uv": [5, 2, 3, 4], "texture": "#0"}
			}
		},
		{
			"from": [7, 0, 7],
			"to": [9, 7, 9],
			"faces": {
				"north": {"uv": [3, 4, 4, 7.5], "texture": "#0"},
				"east": {"uv": [4, 4, 5, 7.5], "texture": "#0"},
				"south": {"uv": [5, 0, 6, 3.5], "texture": "#0"},
				"west": {"uv": [5, 3.5, 6, 7], "texture": "#0"},
				"up": {"uv": [7, 1, 6, 0], "texture": "#0"},
				"down": {"uv": [7, 1, 6, 2], "texture": "#0"}
			}
		},
		{
			"from": [7.5, 28, 8],
			"to": [8.5, 32, 9],
			"rotation": {"angle": 0, "axis": "y", "origin": [8, 15, 8]},
			"faces": {
				"north": {"uv": [6, 4, 6.5, 6], "texture": "#0"},
				"east": {"uv": [6, 6, 6.5, 8], "texture": "#0"},
				"south": {"uv": [6.5, 4, 7, 6], "texture": "#0"},
				"west": {"uv": [6.5, 6, 7, 8], "texture": "#0"},
				"up": {"uv": [7.5, 4.5, 7, 4], "texture": "#0"},
				"down": {"uv": [7.5, 4.5, 7, 5], "texture": "#0"}
			}
		},
		{
			"from": [7.5, 8, 7],
			"to": [8.5, 28, 9],
			"rotation": {"angle": 0, "axis": "y", "origin": [8, 15, 8]},
			"faces": {
				"north": {"uv": [2, 0, 2.5, 10], "texture": "#0"},
				"east": {"uv": [0, 0, 1, 10], "texture": "#0"},
				"south": {"uv": [2.5, 0, 3, 10], "texture": "#0"},
				"west": {"uv": [1, 0, 2, 10], "texture": "#0"},
				"up": {"uv": [7.5, 1, 7, 0], "texture": "#0"},
				"down": {"uv": [7.5, 1, 7, 2], "texture": "#0"}
			}
		}
	],
	"gui_light": "front",
	"display": {
		"thirdperson_righthand": {
			"translation": [0, 2, 2]
		},
		"thirdperson_lefthand": {
			"translation": [0, 2, 2]
		},
		"firstperson_righthand": {
			"translation": [0, 2, 0]
		},
		"firstperson_lefthand": {
			"translation": [0, 2, 0]
		},
		"ground": {
			"rotation": [45, 0, 0],
			"translation": [0, 3, 0]
		},
		"gui": {
			"rotation": [90, 45, -90],
			"translation": [-3.75, -3.75, 0],
			"scale": [0.65, 0.65, 0.65]
		},
		"fixed": {
			"rotation": [90, -45, 90],
			"translation": [3.75, -3.75, 0],
			"scale": [0.65, 0.65, 0.65]
		}
	},
	"groups": [
		{
			"name": "handle",
			"origin": [0, 0, 0],
			"color": 0,
			"children": [0, 1]
		},
		{
			"name": "blade",
			"origin": [8, 15, 8],
			"color": 0,
			"children": [2, 3]
		}
	]
}