{
	"credit": "Made with Blockbench",
	"texture_size": [64, 64],
	"textures": {
		"0": "item/sighted_longbow",
		"particle": "item/sighted_longbow"
	},
	"elements": [
		{
			"from": [7.75, -10, 13.75],
			"to": [8.25, 22, 14.25],
			"faces": {
				"north": {"uv": [1, 0.5, 1.25, 8.5], "texture": "#0"},
				"east": {"uv": [1.25, 0, 1.5, 8], "texture": "#0"},
				"south": {"uv": [1.5, 0, 1.75, 8], "texture": "#0"},
				"west": {"uv": [1.75, 0, 2, 8], "texture": "#0"},
				"up": {"uv": [3, 6.75, 2.75, 6.5], "texture": "#0"},
				"down": {"uv": [6.75, 2.75, 6.5, 3], "texture": "#0"}
			}
		},
		{
			"from": [7, 3, 7],
			"to": [9, 9, 9],
			"faces": {
				"north": {"uv": [4, 4, 4.5, 5.5], "texture": "#0"},
				"east": {"uv": [4.5, 4, 5, 5.5], "texture": "#0"},
				"south": {"uv": [5, 0, 5.5, 1.5], "texture": "#0"},
				"west": {"uv": [5, 1.5, 5.5, 3], "texture": "#0"},
				"up": {"uv": [6, 6, 5.5, 5.5], "texture": "#0"},
				"down": {"uv": [6.5, 1, 6, 1.5], "texture": "#0"}
			}
		},
		{
			"from": [7, 10, 7],
			"to": [9, 13, 9],
			"faces": {
				"north": {"uv": [5.5, 2, 6, 2.75], "texture": "#0"},
				"east": {"uv": [2.5, 5.5, 3, 6.25], "texture": "#0"},
				"south": {"uv": [3, 5.5, 3.5, 6.25], "texture": "#0"},
				"west": {"uv": [3.5, 5.5, 4, 6.25], "texture": "#0"},
				"up": {"uv": [6.5, 2, 6, 1.5], "texture": "#0"},
				"down": {"uv": [6.5, 2, 6, 2.5], "texture": "#0"}
			}
		},
		{
			"from": [7, 13, 7],
			"to": [9, 24, 9],
			"rotation": {"angle": 22.5, "axis": "x", "origin": [8, 13, 7]},
			"faces": {
				"north": {"uv": [2, 0, 2.5, 2.75], "texture": "#0"},
				"east": {"uv": [2.5, 0, 3, 2.75], "texture": "#0"},
				"south": {"uv": [2, 2.75, 2.5, 5.5], "texture": "#0"},
				"west": {"uv": [2.5, 2.75, 3, 5.5], "texture": "#0"},
				"up": {"uv": [6.5, 3, 6, 2.5], "texture": "#0"},
				"down": {"uv": [6.5, 3, 6, 3.5], "texture": "#0"}
			}
		},
		{
			"from": [7, -12, 7],
			"to": [9, -1, 9],
			"rotation": {"angle": -22.5, "axis": "x", "origin": [8, -1, 7]},
			"faces": {
				"north": {"uv": [3, 0, 3.5, 2.75], "texture": "#0"},
				"east": {"uv": [3, 2.75, 3.5, 5.5], "texture": "#0"},
				"south": {"uv": [3.5, 0, 4, 2.75], "texture": "#0"},
				"west": {"uv": [3.5, 2.75, 4, 5.5], "texture": "#0"},
				"up": {"uv": [6.5, 4, 6, 3.5], "texture": "#0"},
				"down": {"uv": [6.5, 4, 6, 4.5], "texture": "#0"}
			}
		},
		{
			"from": [7, -1, 7],
			"to": [9, 2, 9],
			"faces": {
				"north": {"uv": [4, 5.5, 4.5, 6.25], "texture": "#0"},
				"east": {"uv": [5.5, 4, 6, 4.75], "texture": "#0"},
				"south": {"uv": [4.5, 5.5, 5, 6.25], "texture": "#0"},
				"west": {"uv": [5.5, 4.75, 6, 5.5], "texture": "#0"},
				"up": {"uv": [6.5, 5, 6, 4.5], "texture": "#0"},
				"down": {"uv": [5.5, 6, 5, 6.5], "texture": "#0"}
			}
		},
		{
			"from": [6, 9, 6],
			"to": [10, 10, 10],
			"faces": {
				"north": {"uv": [6, 5, 7, 5.25], "texture": "#0"},
				"east": {"uv": [6, 5.25, 7, 5.5], "texture": "#0"},
				"south": {"uv": [5.5, 6, 6.5, 6.25], "texture": "#0"},
				"west": {"uv": [6, 5.5, 7, 5.75], "texture": "#0"},
				"up": {"uv": [5, 1, 4, 0], "texture": "#0"},
				"down": {"uv": [5, 1, 4, 2], "texture": "#0"}
			}
		},
		{
			"from": [6, 2, 6],
			"to": [10, 3, 10],
			"faces": {
				"north": {"uv": [6, 5.75, 7, 6], "texture": "#0"},
				"east": {"uv": [2.5, 6.25, 3.5, 6.5], "texture": "#0"},
				"south": {"uv": [3.5, 6.25, 4.5, 6.5], "texture": "#0"},
				"west": {"uv": [5.5, 6.25, 6.5, 6.5], "texture": "#0"},
				"up": {"uv": [5, 3, 4, 2], "texture": "#0"},
				"down": {"uv": [5, 3, 4, 4], "texture": "#0"}
			}
		},
		{
			"from": [4, 10, 6],
			"to": [6, 12, 7],
			"faces": {
				"north": {"uv": [4.5, 6.25, 5, 6.75], "texture": "#0"},
				"east": {"uv": [6.5, 2, 6.75, 2.5], "texture": "#0"},
				"south": {"uv": [6.5, 0, 7, 0.5], "texture": "#0"},
				"west": {"uv": [2.5, 6.5, 2.75, 7], "texture": "#0"},
				"up": {"uv": [6, 3, 5.5, 2.75], "texture": "#0"},
				"down": {"uv": [7, 2.5, 6.5, 2.75], "texture": "#0"}
			}
		},
		{
			"from": [7, -12, 12],
			"to": [9, -10, 16],
			"faces": {
				"north": {"uv": [6.5, 0.5, 7, 1], "texture": "#0"},
				"east": {"uv": [5, 3, 6, 3.5], "texture": "#0"},
				"south": {"uv": [6.5, 1, 7, 1.5], "texture": "#0"},
				"west": {"uv": [5, 3.5, 6, 4], "texture": "#0"},
				"up": {"uv": [5.5, 5, 5, 4], "texture": "#0"},
				"down": {"uv": [5.5, 5, 5, 6], "texture": "#0"}
			}
		},
		{
			"from": [7, 22, 12],
			"to": [9, 24, 16],
			"faces": {
				"north": {"uv": [6.5, 1.5, 7, 2], "texture": "#0"},
				"east": {"uv": [5.5, 0, 6.5, 0.5], "texture": "#0"},
				"south": {"uv": [2, 6.5, 2.5, 7], "texture": "#0"},
				"west": {"uv": [5.5, 0.5, 6.5, 1], "texture": "#0"},
				"up": {"uv": [6, 2, 5.5, 1], "texture": "#0"},
				"down": {"uv": [2.5, 5.5, 2, 6.5], "texture": "#0"}
			}
		}
	],
	"display": {
		"ground": {
			"rotation": [45, 0, 0],
			"translation": [0, 16, 0]
		},
		"gui": {
			"rotation": [133.21, 41.2, -121.79],
			"translation": [-1.25, 2.5, 0],
			"scale": [0.5, 0.5, 0.5]
		},
		"fixed": {
			"rotation": [90, -45, 90],
			"translation": [1, 2.25, 0],
			"scale": [0.5, 0.5, 0.5]
		}
	},
	"groups": [
		{
			"name": "group",
			"origin": [0, 0, 0],
			"color": 0,
			"children": [0, 1, 2, 3, 4, 5, 6, 7, 8, 9, 10]
		}
	]
}