{
	"credit": "Made with Blockbench",
	"textures": {
		"0": "item/sighted_longbow",
		"1": "item/3d_arrow",
		"particle": "item/sighted_longbow_pulling_1"
	},
	"elements": [
		{
			"from": [7.75, -10, 13.75],
			"to": [8.25, 22, 14.25],
			"faces": {
				"north": {"uv": [1, 0.5, 1.25, 8.5], "texture": "#0"},
				"east": {"uv": [1.25, 0, 1.5, 8], "texture": "#0"},
				"south": {"uv": [1.5, 0, 1.75, 8], "texture": "#0"},
				"west": {"uv": [1.75, 0, 2, 8], "texture": "#0"},
				"up": {"uv": [3, 6.75, 2.75, 6.5], "texture": "#0"},
				"down": {"uv": [6.75, 2.75, 6.5, 3], "texture": "#0"}
			}
		},
		{
			"from": [7, 3, 7],
			"to": [9, 9, 9],
			"faces": {
				"north": {"uv": [4, 4, 4.5, 5.5], "texture": "#0"},
				"east": {"uv": [4.5, 4, 5, 5.5], "texture": "#0"},
				"south": {"uv": [5, 0, 5.5, 1.5], "texture": "#0"},
				"west": {"uv": [5, 1.5, 5.5, 3], "texture": "#0"},
				"up": {"uv": [6, 6, 5.5, 5.5], "texture": "#0"},
				"down": {"uv": [6.5, 1, 6, 1.5], "texture": "#0"}
			}
		},
		{
			"from": [7, 10, 7],
			"to": [9, 13, 9],
			"faces": {
				"north": {"uv": [5.5, 2, 6, 2.75], "texture": "#0"},
				"east": {"uv": [2.5, 5.5, 3, 6.25], "texture": "#0"},
				"south": {"uv": [3, 5.5, 3.5, 6.25], "texture": "#0"},
				"west": {"uv": [3.5, 5.5, 4, 6.25], "texture": "#0"},
				"up": {"uv": [6.5, 2, 6, 1.5], "texture": "#0"},
				"down": {"uv": [6.5, 2, 6, 2.5], "texture": "#0"}
			}
		},
		{
			"from": [7, 13, 7],
			"to": [9, 24, 9],
			"rotation": {"angle": 22.5, "axis": "x", "origin": [8, 13, 7]},
			"faces": {
				"north": {"uv": [2, 0, 2.5, 2.75], "texture": "#0"},
				"east": {"uv": [2.5, 0, 3, 2.75], "texture": "#0"},
				"south": {"uv": [2, 2.75, 2.5, 5.5], "texture": "#0"},
				"west": {"uv": [2.5, 2.75, 3, 5.5], "texture": "#0"},
				"up": {"uv": [6.5, 3, 6, 2.5], "texture": "#0"},
				"down": {"uv": [6.5, 3, 6, 3.5], "texture": "#0"}
			}
		},
		{
			"from": [7, -12, 7],
			"to": [9, -1, 9],
			"rotation": {"angle": -22.5, "axis": "x", "origin": [8, -1, 7]},
			"faces": {
				"north": {"uv": [3, 0, 3.5, 2.75], "texture": "#0"},
				"east": {"uv": [3, 2.75, 3.5, 5.5], "texture": "#0"},
				"south": {"uv": [3.5, 0, 4, 2.75], "texture": "#0"},
				"west": {"uv": [3.5, 2.75, 4, 5.5], "texture": "#0"},
				"up": {"uv": [6.5, 4, 6, 3.5], "texture": "#0"},
				"down": {"uv": [6.5, 4, 6, 4.5], "texture": "#0"}
			}
		},
		{
			"from": [7, -1, 7],
			"to": [9, 2, 9],
			"faces": {
				"north": {"uv": [4, 5.5, 4.5, 6.25], "texture": "#0"},
				"east": {"uv": [5.5, 4, 6, 4.75], "texture": "#0"},
				"south": {"uv": [4.5, 5.5, 5, 6.25], "texture": "#0"},
				"west": {"uv": [5.5, 4.75, 6, 5.5], "texture": "#0"},
				"up": {"uv": [6.5, 5, 6, 4.5], "texture": "#0"},
				"down": {"uv": [5.5, 6, 5, 6.5], "texture": "#0"}
			}
		},
		{
			"from": [6, 9, 6],
			"to": [10, 10, 10],
			"faces": {
				"north": {"uv": [6, 5, 7, 5.25], "texture": "#0"},
				"east": {"uv": [6, 5.25, 7, 5.5], "texture": "#0"},
				"south": {"uv": [5.5, 6, 6.5, 6.25], "texture": "#0"},
				"west": {"uv": [6, 5.5, 7, 5.75], "texture": "#0"},
				"up": {"uv": [5, 1, 4, 0], "texture": "#0"},
				"down": {"uv": [5, 1, 4, 2], "texture": "#0"}
			}
		},
		{
			"from": [6, 2, 6],
			"to": [10, 3, 10],
			"faces": {
				"north": {"uv": [6, 5.75, 7, 6], "texture": "#0"},
				"east": {"uv": [2.5, 6.25, 3.5, 6.5], "texture": "#0"},
				"south": {"uv": [3.5, 6.25, 4.5, 6.5], "texture": "#0"},
				"west": {"uv": [5.5, 6.25, 6.5, 6.5], "texture": "#0"},
				"up": {"uv": [5, 3, 4, 2], "texture": "#0"},
				"down": {"uv": [5, 3, 4, 4], "texture": "#0"}
			}
		},
		{
			"from": [4, 10, 6],
			"to": [6, 12, 7],
			"faces": {
				"north": {"uv": [4.5, 6.25, 5, 6.75], "texture": "#0"},
				"east": {"uv": [6.5, 2, 6.75, 2.5], "texture": "#0"},
				"south": {"uv": [6.5, 0, 7, 0.5], "texture": "#0"},
				"west": {"uv": [2.5, 6.5, 2.75, 7], "texture": "#0"},
				"up": {"uv": [6, 3, 5.5, 2.75], "texture": "#0"},
				"down": {"uv": [7, 2.5, 6.5, 2.75], "texture": "#0"}
			}
		},
		{
			"from": [7, -12, 12],
			"to": [9, -10, 16],
			"faces": {
				"north": {"uv": [6.5, 0.5, 7, 1], "texture": "#0"},
				"east": {"uv": [5, 3, 6, 3.5], "texture": "#0"},
				"south": {"uv": [6.5, 1, 7, 1.5], "texture": "#0"},
				"west": {"uv": [5, 3.5, 6, 4], "texture": "#0"},
				"up": {"uv": [5.5, 5, 5, 4], "texture": "#0"},
				"down": {"uv": [5.5, 5, 5, 6], "texture": "#0"}
			}
		},
		{
			"from": [7, 22, 12],
			"to": [9, 24, 16],
			"faces": {
				"north": {"uv": [6.5, 1.5, 7, 2], "texture": "#0"},
				"east": {"uv": [5.5, 0, 6.5, 0.5], "texture": "#0"},
				"south": {"uv": [2, 6.5, 2.5, 7], "texture": "#0"},
				"west": {"uv": [5.5, 0.5, 6.5, 1], "texture": "#0"},
				"up": {"uv": [6, 2, 5.5, 1], "texture": "#0"},
				"down": {"uv": [2.5, 5.5, 2, 6.5], "texture": "#0"}
			}
		},
		{
			"from": [7.5, 5.5, 1],
			"to": [8.5, 6.5, 14],
			"rotation": {"angle": 0, "axis": "y", "origin": [8, 6.5, 6]},
			"faces": {
				"north": {"uv": [11, 5, 12, 6], "texture": "#1"},
				"east": {"uv": [1, 2, 14, 3], "texture": "#1"},
				"south": {"uv": [6, 11, 7, 12], "texture": "#1"},
				"west": {"uv": [2, 1, 15, 2], "texture": "#1"},
				"up": {"uv": [1, 16, 0, 3], "texture": "#1"},
				"down": {"uv": [2, 3, 1, 16], "texture": "#1"}
			}
		},
		{
			"from": [7.5, 4.5, -1],
			"to": [8.5, 5.5, 1],
			"rotation": {"angle": 0, "axis": "y", "origin": [8, 6.5, 6]},
			"faces": {
				"north": {"uv": [7, 11, 8, 12], "texture": "#1"},
				"east": {"uv": [5, 9, 7, 10], "texture": "#1"},
				"south": {"uv": [11, 7, 12, 8], "texture": "#1"},
				"west": {"uv": [9, 7, 11, 8], "texture": "#1"},
				"up": {"uv": [11, 6, 10, 4], "texture": "#1"},
				"down": {"uv": [6, 10, 5, 12], "texture": "#1"}
			}
		},
		{
			"from": [7.5, 6.5, -1],
			"to": [8.5, 7.5, 1],
			"rotation": {"angle": 0, "axis": "y", "origin": [8, 6.5, 6]},
			"faces": {
				"north": {"uv": [11, 8, 12, 9], "texture": "#1"},
				"east": {"uv": [6, 10, 8, 11], "texture": "#1"},
				"south": {"uv": [9, 11, 10, 12], "texture": "#1"},
				"west": {"uv": [10, 6, 12, 7], "texture": "#1"},
				"up": {"uv": [9, 12, 8, 10], "texture": "#1"},
				"down": {"uv": [11, 8, 10, 10], "texture": "#1"}
			}
		},
		{
			"from": [6.5, 5.5, -1],
			"to": [9.5, 6.5, 1],
			"rotation": {"angle": 0, "axis": "y", "origin": [8, 6.5, 6]},
			"faces": {
				"north": {"uv": [3, 0, 6, 1], "texture": "#1"},
				"east": {"uv": [9, 10, 11, 11], "texture": "#1"},
				"south": {"uv": [6, 0, 9, 1], "texture": "#1"},
				"west": {"uv": [11, 4, 13, 5], "texture": "#1"},
				"up": {"uv": [7, 9, 4, 7], "texture": "#1"},
				"down": {"uv": [10, 8, 7, 10], "texture": "#1"}
			}
		},
		{
			"from": [7.5, 5.5, -2],
			"to": [8.5, 6.5, -1],
			"rotation": {"angle": 0, "axis": "y", "origin": [8, 6.5, 6]},
			"faces": {
				"north": {"uv": [11, 9, 12, 10], "texture": "#1"},
				"east": {"uv": [10, 11, 11, 12], "texture": "#1"},
				"south": {"uv": [11, 10, 12, 11], "texture": "#1"},
				"west": {"uv": [11, 11, 12, 12], "texture": "#1"},
				"up": {"uv": [13, 1, 12, 0], "texture": "#1"},
				"down": {"uv": [3, 12, 2, 13], "texture": "#1"}
			}
		},
		{
			"from": [6.5, 6, 10],
			"to": [9.5, 6, 11],
			"rotation": {"angle": 0, "axis": "y", "origin": [8, 6.5, 12]},
			"faces": {
				"north": {"uv": [0, 0, 3, 0], "texture": "#1"},
				"east": {"uv": [0, 0, 1, 0], "texture": "#1"},
				"south": {"uv": [0, 0, 3, 0], "texture": "#1"},
				"west": {"uv": [0, 0, 1, 0], "texture": "#1"},
				"up": {"uv": [12, 1, 9, 0], "texture": "#1"},
				"down": {"uv": [12, 3, 9, 4], "texture": "#1"}
			}
		},
		{
			"from": [5.5, 6, 11],
			"to": [10.5, 6, 13],
			"rotation": {"angle": 0, "axis": "y", "origin": [8, 6.5, 12]},
			"faces": {
				"north": {"uv": [0, 0, 5, 0], "texture": "#1"},
				"east": {"uv": [0, 0, 2, 0], "texture": "#1"},
				"south": {"uv": [0, 0, 5, 0], "texture": "#1"},
				"west": {"uv": [0, 0, 2, 0], "texture": "#1"},
				"up": {"uv": [7, 5, 2, 3], "texture": "#1"},
				"down": {"uv": [7, 5, 2, 7], "texture": "#1"}
			}
		},
		{
			"from": [5.5, 6, 13],
			"to": [6.5, 6, 14],
			"rotation": {"angle": 0, "axis": "y", "origin": [8, 6.5, 12]},
			"faces": {
				"north": {"uv": [0, 0, 1, 0], "texture": "#1"},
				"east": {"uv": [0, 0, 1, 0], "texture": "#1"},
				"south": {"uv": [0, 0, 1, 0], "texture": "#1"},
				"west": {"uv": [0, 0, 1, 0], "texture": "#1"},
				"up": {"uv": [4, 13, 3, 12], "texture": "#1"},
				"down": {"uv": [13, 3, 12, 4], "texture": "#1"}
			}
		},
		{
			"from": [9.5, 6, 13],
			"to": [10.5, 6, 14],
			"rotation": {"angle": 0, "axis": "y", "origin": [8, 6.5, 12]},
			"faces": {
				"north": {"uv": [0, 0, 1, 0], "texture": "#1"},
				"east": {"uv": [0, 0, 1, 0], "texture": "#1"},
				"south": {"uv": [0, 0, 1, 0], "texture": "#1"},
				"west": {"uv": [0, 0, 1, 0], "texture": "#1"},
				"up": {"uv": [5, 13, 4, 12], "texture": "#1"},
				"down": {"uv": [6, 12, 5, 13], "texture": "#1"}
			}
		},
		{
			"from": [8, 4.5, 10],
			"to": [8, 7.5, 11],
			"rotation": {"angle": 0, "axis": "z", "origin": [8, 6.5, 12]},
			"faces": {
				"north": {"uv": [0, 0, 0, 3], "texture": "#1"},
				"east": {"uv": [4, 9, 5, 12], "texture": "#1"},
				"south": {"uv": [0, 0, 0, 3], "texture": "#1"},
				"west": {"uv": [9, 4, 10, 7], "texture": "#1"},
				"up": {"uv": [0, 1, 0, 0], "texture": "#1"},
				"down": {"uv": [0, 0, 0, 1], "texture": "#1"}
			}
		},
		{
			"from": [8, 3.5, 11],
			"to": [8, 8.5, 13],
			"rotation": {"angle": 0, "axis": "z", "origin": [8, 6.5, 12]},
			"faces": {
				"north": {"uv": [0, 0, 0, 5], "texture": "#1"},
				"east": {"uv": [2, 7, 4, 12], "texture": "#1"},
				"south": {"uv": [0, 0, 0, 5], "texture": "#1"},
				"west": {"uv": [7, 3, 9, 8], "texture": "#1"},
				"up": {"uv": [0, 2, 0, 0], "texture": "#1"},
				"down": {"uv": [0, 0, 0, 2], "texture": "#1"}
			}
		},
		{
			"from": [8, 7.5, 13],
			"to": [8, 8.5, 14],
			"rotation": {"angle": 0, "axis": "z", "origin": [8, 6.5, 12]},
			"faces": {
				"north": {"uv": [0, 0, 0, 1], "texture": "#1"},
				"east": {"uv": [12, 5, 13, 6], "texture": "#1"},
				"south": {"uv": [0, 0, 0, 1], "texture": "#1"},
				"west": {"uv": [6, 12, 7, 13], "texture": "#1"},
				"up": {"uv": [0, 1, 0, 0], "texture": "#1"},
				"down": {"uv": [0, 0, 0, 1], "texture": "#1"}
			}
		},
		{
			"from": [8, 3.5, 13],
			"to": [8, 4.5, 14],
			"rotation": {"angle": 0, "axis": "z", "origin": [8, 6.5, 12]},
			"faces": {
				"north": {"uv": [0, 0, 0, 1], "texture": "#1"},
				"east": {"uv": [12, 6, 13, 7], "texture": "#1"},
				"south": {"uv": [0, 0, 0, 1], "texture": "#1"},
				"west": {"uv": [7, 12, 8, 13], "texture": "#1"},
				"up": {"uv": [0, 1, 0, 0], "texture": "#1"},
				"down": {"uv": [0, 0, 0, 1], "texture": "#1"}
			}
		}
	],
	"display": {
		"thirdperson_righthand": {
			"translation": [-3, 0, -1]
		},
		"firstperson_righthand": {
			"rotation": [20, 0, 0],
			"translation": [-0.5, 8.25, -4]
		},
		"ground": {
			"rotation": [45, 0, 0],
			"translation": [0, 16, 0]
		},
		"gui": {
			"rotation": [133.21, 41.2, -121.79],
			"translation": [-1.25, 2.5, 0],
			"scale": [0.5, 0.5, 0.5]
		},
		"fixed": {
			"rotation": [90, -45, 90],
			"translation": [1, 2.25, 0],
			"scale": [0.5, 0.5, 0.5]
		}
	},
	"groups": [
		{
			"name": "bow",
			"origin": [0, 0, 0],
			"color": 0,
			"children": [0, 1, 2, 3, 4, 5, 6, 7, 8, 9, 10]
		},
		{
			"name": "arrow",
			"origin": [8, 8, 8],
			"color": 0,
			"children": [
				11,
				{
					"name": "head",
					"origin": [8, 6.5, 6],
					"color": 0,
					"children": [12, 13, 14, 15]
				},
				{
					"name": "fletchings",
					"origin": [0, 0, 0],
					"color": 0,
					"children": [16, 17, 18, 19, 20, 21, 22, 23]
				}
			]
		}
	]
}