{
	"credit": "Made with Blockbench",
	"parent": "iron_sword",
	"textures": {
		"0": "item/splatana",
		"particle": "item/splatana"
	},
	"elements": [
		{
			"from": [7, 0, 7],
			"to": [9, 2, 9],
			"faces": {
				"north": {"uv": [10, 2, 12, 4], "texture": "#0"},
				"east": {"uv": [10, 4, 12, 6], "texture": "#0"},
				"south": {"uv": [6, 10, 8, 12], "texture": "#0"},
				"west": {"uv": [10, 6, 12, 8], "texture": "#0"},
				"up": {"uv": [10, 12, 8, 10], "texture": "#0"},
				"down": {"uv": [12, 8, 10, 10], "texture": "#0"}
			}
		},
		{
			"from": [7.5, 2, 7.5],
			"to": [8.5, 7, 8.5],
			"faces": {
				"north": {"uv": [8, 0, 9, 5], "texture": "#0"},
				"east": {"uv": [8, 5, 9, 10], "texture": "#0"},
				"south": {"uv": [9, 0, 10, 5], "texture": "#0"},
				"west": {"uv": [9, 5, 10, 10], "texture": "#0"},
				"up": {"uv": [13, 11, 12, 10], "texture": "#0"},
				"down": {"uv": [12, 12, 11, 13], "texture": "#0"}
			}
		},
		{
			"from": [7, 7, 5.5],
			"to": [9, 8, 10.5],
			"faces": {
				"north": {"uv": [12, 2, 14, 3], "texture": "#0"},
				"east": {"uv": [10, 0, 15, 1], "texture": "#0"},
				"south": {"uv": [12, 3, 14, 4], "texture": "#0"},
				"west": {"uv": [10, 1, 15, 2], "texture": "#0"},
				"up": {"uv": [8, 5, 6, 0], "texture": "#0"},
				"down": {"uv": [8, 5, 6, 10], "texture": "#0"}
			}
		},
		{
			"from": [7.75, 2, 6.25],
			"to": [8.25, 2.5, 7.5],
			"faces": {
				"north": {"uv": [12, 11, 13, 12], "texture": "#0"},
				"east": {"uv": [12, 12, 13, 13], "texture": "#0"},
				"south": {"uv": [13, 4, 14, 5], "texture": "#0"},
				"west": {"uv": [13, 5, 14, 6], "texture": "#0"},
				"up": {"uv": [14, 7, 13, 6], "texture": "#0"},
				"down": {"uv": [14, 7, 13, 8], "texture": "#0"}
			}
		},
		{
			"from": [7.8, 2.25, 6.05],
			"to": [8.2, 3.5, 6.45],
			"faces": {
				"north": {"uv": [13, 8, 14, 9], "texture": "#0"},
				"east": {"uv": [13, 9, 14, 10], "texture": "#0"},
				"south": {"uv": [13, 10, 14, 11], "texture": "#0"},
				"west": {"uv": [11, 13, 12, 14], "texture": "#0"},
				"up": {"uv": [14, 12, 13, 11], "texture": "#0"},
				"down": {"uv": [13, 13, 12, 14], "texture": "#0"}
			}
		},
		{
			"from": [7.8, 4.25, 6.05],
			"to": [8.2, 5.25, 6.45],
			"faces": {
				"north": {"uv": [13, 12, 14, 13], "texture": "#0"},
				"east": {"uv": [13, 13, 14, 14], "texture": "#0"},
				"south": {"uv": [14, 2, 15, 3], "texture": "#0"},
				"west": {"uv": [14, 3, 15, 4], "texture": "#0"},
				"up": {"uv": [15, 5, 14, 4], "texture": "#0"},
				"down": {"uv": [15, 5, 14, 6], "texture": "#0"}
			}
		},
		{
			"from": [7.75, 5.25, 6],
			"to": [8.25, 7.25, 6.5],
			"rotation": {"angle": -22.5, "axis": "z", "origin": [8, 5.25, 6.25]},
			"faces": {
				"north": {"uv": [12, 4, 13, 6], "texture": "#0"},
				"east": {"uv": [6, 12, 7, 14], "texture": "#0"},
				"south": {"uv": [12, 6, 13, 8], "texture": "#0"},
				"west": {"uv": [7, 12, 8, 14], "texture": "#0"},
				"up": {"uv": [7, 15, 6, 14], "texture": "#0"},
				"down": {"uv": [15, 6, 14, 7], "texture": "#0"}
			}
		},
		{
			"from": [7.75, 5.25, 6],
			"to": [8.25, 7.25, 6.5],
			"rotation": {"angle": 22.5, "axis": "z", "origin": [8, 5.25, 6.25]},
			"faces": {
				"north": {"uv": [8, 12, 9, 14], "texture": "#0"},
				"east": {"uv": [12, 8, 13, 10], "texture": "#0"},
				"south": {"uv": [9, 12, 10, 14], "texture": "#0"},
				"west": {"uv": [10, 12, 11, 14], "texture": "#0"},
				"up": {"uv": [8, 15, 7, 14], "texture": "#0"},
				"down": {"uv": [15, 7, 14, 8], "texture": "#0"}
			}
		},
		{
			"from": [7.75, 3, 6],
			"to": [8.25, 4.25, 6.5],
			"rotation": {"angle": 45, "axis": "z", "origin": [8, 3.25, 6.25]},
			"faces": {
				"north": {"uv": [8, 14, 9, 15], "texture": "#0"},
				"east": {"uv": [14, 8, 15, 9], "texture": "#0"},
				"south": {"uv": [9, 14, 10, 15], "texture": "#0"},
				"west": {"uv": [14, 9, 15, 10], "texture": "#0"},
				"up": {"uv": [11, 15, 10, 14], "texture": "#0"},
				"down": {"uv": [15, 10, 14, 11], "texture": "#0"}
			}
		},
		{
			"from": [7.75, 3.75, 6],
			"to": [9, 4.25, 6.5],
			"rotation": {"angle": 45, "axis": "z", "origin": [8, 3.25, 6.25]},
			"faces": {
				"north": {"uv": [11, 14, 12, 15], "texture": "#0"},
				"east": {"uv": [14, 11, 15, 12], "texture": "#0"},
				"south": {"uv": [12, 14, 13, 15], "texture": "#0"},
				"west": {"uv": [14, 12, 15, 13], "texture": "#0"},
				"up": {"uv": [14, 15, 13, 14], "texture": "#0"},
				"down": {"uv": [15, 13, 14, 14], "texture": "#0"}
			}
		},
		{
			"from": [7.75, 3, 6],
			"to": [8.25, 4.25, 6.5],
			"rotation": {"angle": -45, "axis": "z", "origin": [8, 3.25, 6.25]},
			"faces": {
				"north": {"uv": [14, 14, 15, 15], "texture": "#0"},
				"east": {"uv": [15, 0, 16, 1], "texture": "#0"},
				"south": {"uv": [15, 1, 16, 2], "texture": "#0"},
				"west": {"uv": [15, 2, 16, 3], "texture": "#0"},
				"up": {"uv": [16, 4, 15, 3], "texture": "#0"},
				"down": {"uv": [16, 4, 15, 5], "texture": "#0"}
			}
		},
		{
			"from": [7, 3.75, 6],
			"to": [8.25, 4.25, 6.5],
			"rotation": {"angle": -45, "axis": "z", "origin": [8, 3.25, 6.25]},
			"faces": {
				"north": {"uv": [15, 5, 16, 6], "texture": "#0"},
				"east": {"uv": [6, 15, 7, 16], "texture": "#0"},
				"south": {"uv": [15, 6, 16, 7], "texture": "#0"},
				"west": {"uv": [7, 15, 8, 16], "texture": "#0"},
				"up": {"uv": [16, 8, 15, 7], "texture": "#0"},
				"down": {"uv": [9, 15, 8, 16], "texture": "#0"}
			}
		},
		{
			"from": [7.75, 8, 7],
			"to": [8.25, 24, 9],
			"faces": {
				"north": {"uv": [4, 0, 5, 16], "texture": "#0"},
				"east": {"uv": [0, 0, 2, 16], "texture": "#0"},
				"south": {"uv": [5, 0, 6, 16], "texture": "#0"},
				"west": {"uv": [2, 0, 4, 16], "texture": "#0"},
				"up": {"uv": [11, 12, 10, 10], "texture": "#0"},
				"down": {"uv": [12, 10, 11, 12], "texture": "#0"}
			}
		}
	],
	"gui_light": "front",
	"display": {
		"thirdperson_righthand": {
			"translation": [0, 1.5, 1.25]
		},
		"thirdperson_lefthand": {
			"translation": [0, 1.5, 1.25]
		},
		"ground": {
			"rotation": [-45, 0, 0],
			"translation": [0, 3, 0]
		},
		"gui": {
			"rotation": [-90, -45, -90],
			"translation": [-2.5, -2.5, 0],
			"scale": [0.8, 0.8, 0.8]
		},
		"fixed": {
			"rotation": [-90, 45, 90],
			"translation": [3.25, -3.25, 0]
		}
	},
	"groups": [
		{
			"name": "hilt",
			"origin": [8, 3.25, 6.25],
			"color": 0,
			"children": [0, 1, 2, 3, 4, 5, 6, 7, 8, 9, 10, 11]
		},
		12
	]
}