{
  "type": "minecraft:entity",
  "pools": [
      {
          "rolls": 1,
          "bonus_rolls": 0,
          "entries": [
              {
                  "type": "minecraft:item",
                  "name": "minecraft:iron_sword",
                  "functions": [
                      {
                          "function": "minecraft:set_nbt",
                          "tag": "{display:{Name:'{\"text\":\"Squid Saber\",\"color\":\"dark_gray\"}',Lore:['{\"text\":\"Inflicts Blindness for 5 seconds.\"}']},CustomModelData:2540003,Splatana:1b,Enchantments:[{id:\"minecraft:sharpness\",lvl:3s}]}"
                      },
                      {
                          "function": "minecraft:set_count",
                          "count": {
                              "type": "minecraft:uniform",
                              "min": 1,
                              "max": 1
                          },
                          "add": false
                      }
                  ]
              }
          ]
      }
  ],
  "random_sequence": "minecraft:entities/squid"
}
