{
    "type": "crafting_shapeless",
    "ingredients": [
        {
            "item": "fire_charge"
        },
        {
            "item": "spider_eye"
        },
        {
            "tag": "coals"
        },
        {
            "item": "experience_bottle"
        },
        {
            "item": "spectral_arrow"
        },
        {
            "item": "spectral_arrow"
        },
        {
            "item": "spectral_arrow"
        },
        {
            "item": "spectral_arrow"
        },
        {
            "item": "spectral_arrow"
        }
    ],
    "result": {
        "item": "minecraft:knowledge_book"
    }
}