{
    "type": "minecraft:block",
    "pools": [
      {
        "rolls": 1,
        "bonus_rolls": 0,
        "entries": [
          {
            "type": "minecraft:alternatives",
            "children": [
              {
                "type": "minecraft:item",
                "name": "minecraft:oak_leaves",
                "conditions": [
                  {
                    "condition": "minecraft:match_tool",
                    "predicate": {
                      "enchantments": [
                        {
                          "enchantment": "minecraft:silk_touch"
                        }
                      ]
                    }
                  }
                ]
              },
              {
                "type": "minecraft:group",
                "children": [
                  {
                    "type": "minecraft:item",
                    "weight": 50,
                    "name": "minecraft:oak_leaves"
                  },
                  {
                    "type": "minecraft:item",
                    "weight": 1,
                    "name": "minecraft:apple"
                  }
                ],
                "conditions": [
                  {
                    "condition": "minecraft:match_tool",
                    "predicate": {
                      "items": [
                        "minecraft:shears"
                      ],
                      "enchantments": [
                        {}
                      ]
                    }
                  }
                ]
              },
              {
                "type": "minecraft:item",
                "name": "minecraft:oak_sapling",
                "conditions": [
                  {
                    "condition": "minecraft:survives_explosion"
                  },
                  {
                    "condition": "minecraft:table_bonus",
                    "enchantment": "minecraft:fortune",
                    "chances": [
                      0.05,
                      0.0625,
                      0.083333336,
                      0.1
                    ]
                  }
                ]
              }
            ]
          }
        ]
      },
      {
        "rolls": 1,
        "bonus_rolls": 0,
        "entries": [
          {
            "type": "minecraft:item",
            "name": "minecraft:stick",
            "functions": [
              {
                "function": "minecraft:set_count",
                "count": {
                  "type": "minecraft:uniform",
                  "min": 1,
                  "max": 2
                },
                "add": false
              },
              {
                "function": "minecraft:explosion_decay"
              }
            ],
            "conditions": [
              {
                "condition": "minecraft:table_bonus",
                "enchantment": "minecraft:fortune",
                "chances": [
                  0.02,
                  0.022222223,
                  0.025,
                  0.033333335,
                  0.1
                ]
              }
            ]
          }
        ],
        "conditions": [
          {
            "condition": "minecraft:inverted",
            "term": {
              "condition": "minecraft:any_of",
              "terms": [
                {
                  "condition": "minecraft:match_tool",
                  "predicate": {
                    "items": [
                      "minecraft:shears"
                    ]
                  }
                },
                {
                  "condition": "minecraft:match_tool",
                  "predicate": {
                    "enchantments": [
                      {
                        "enchantment": "minecraft:silk_touch",
                        "levels": {
                          "min": 1
                        }
                      }
                    ]
                  }
                }
              ]
            }
          }
        ]
      },
      {
        "rolls": 1,
        "bonus_rolls": 0,
        "entries": [
          {
            "type": "minecraft:item",
            "name": "minecraft:apple",
            "conditions": [
              {
                "condition": "minecraft:survives_explosion"
              },
              {
                "condition": "minecraft:table_bonus",
                "enchantment": "minecraft:fortune",
                "chances": [
                  0.005,
                  0.0055555557,
                  0.00625,
                  0.008333334,
                  0.025
                ]
              }
            ]
          }
        ],
        "conditions": [
          {
            "condition": "minecraft:inverted",
            "term": {
              "condition": "minecraft:any_of",
              "terms": [
                {
                  "condition": "minecraft:match_tool",
                  "predicate": {
                    "items": [
                      "minecraft:shears"
                    ]
                  }
                },
                {
                  "condition": "minecraft:match_tool",
                  "predicate": {
                    "enchantments": [
                      {
                        "enchantment": "minecraft:silk_touch",
                        "levels": {
                          "min": 1
                        }
                      }
                    ]
                  }
                }
              ]
            }
          }
        ]
      }
    ],
    "random_sequence": "minecraft:blocks/oak_leaves"
  }  