{
    "rewards": {
      "function": "conk_uhc:items/ranged/frozen_fork/frozen"
    },
    "criteria": {
      "requirement": {
        "trigger": "minecraft:entity_hurt_player",
        "conditions": {
          "player": {
            "location": {
              "dimension": "minecraft:overworld"
            }
          },
          "damage": {
            "type": {
              "direct_entity": {
                "type": "minecraft:trident",            
                "nbt": "{item:{id:\"minecraft:trident\",Count:1b,tag:{FrozenFork:1b}}}"
              }
            }
          }
        }
      }
    }
  }