{
    "criteria": {
        "minecraft:blaze": {
            "trigger": "minecraft:player_killed_entity",
            "conditions": {
                "entity": [
                    {
                        "condition": "minecraft:entity_properties",
                        "entity": "this",
                        "predicate": {
                            "type": "minecraft:blaze"
                        }
                    }
                ]
            }
        },
        "minecraft:cave_spider": {
            "trigger": "minecraft:player_killed_entity",
            "conditions": {
                "entity": [
                    {
                        "condition": "minecraft:entity_properties",
                        "entity": "this",
                        "predicate": {
                            "type": "minecraft:cave_spider"
                        }
                    }
                ]
            }
        },
        "minecraft:creeper": {
            "trigger": "minecraft:player_killed_entity",
            "conditions": {
                "entity": [
                    {
                        "condition": "minecraft:entity_properties",
                        "entity": "this",
                        "predicate": {
                            "type": "minecraft:creeper"
                        }
                    }
                ]
            }
        },
        "minecraft:drowned": {
            "trigger": "minecraft:player_killed_entity",
            "conditions": {
                "entity": [
                    {
                        "condition": "minecraft:entity_properties",
                        "entity": "this",
                        "predicate": {
                            "type": "minecraft:drowned"
                        }
                    }
                ]
            }
        },
        "minecraft:elder_guardian": {
            "trigger": "minecraft:player_killed_entity",
            "conditions": {
                "entity": [
                    {
                        "condition": "minecraft:entity_properties",
                        "entity": "this",
                        "predicate": {
                            "type": "minecraft:elder_guardian"
                        }
                    }
                ]
            }
        },
        "minecraft:ender_dragon": {
            "trigger": "minecraft:player_killed_entity",
            "conditions": {
                "entity": [
                    {
                        "condition": "minecraft:entity_properties",
                        "entity": "this",
                        "predicate": {
                            "type": "minecraft:ender_dragon"
                        }
                    }
                ]
            }
        },
        "minecraft:enderman": {
            "trigger": "minecraft:player_killed_entity",
            "conditions": {
                "entity": [
                    {
                        "condition": "minecraft:entity_properties",
                        "entity": "this",
                        "predicate": {
                            "type": "minecraft:enderman"
                        }
                    }
                ]
            }
        },
        "minecraft:endermite": {
            "trigger": "minecraft:player_killed_entity",
            "conditions": {
                "entity": [
                    {
                        "condition": "minecraft:entity_properties",
                        "entity": "this",
                        "predicate": {
                            "type": "minecraft:endermite"
                        }
                    }
                ]
            }
        },
        "minecraft:evoker": {
            "trigger": "minecraft:player_killed_entity",
            "conditions": {
                "entity": [
                    {
                        "condition": "minecraft:entity_properties",
                        "entity": "this",
                        "predicate": {
                            "type": "minecraft:evoker"
                        }
                    }
                ]
            }
        },
        "minecraft:ghast": {
            "trigger": "minecraft:player_killed_entity",
            "conditions": {
                "entity": [
                    {
                        "condition": "minecraft:entity_properties",
                        "entity": "this",
                        "predicate": {
                            "type": "minecraft:ghast"
                        }
                    }
                ]
            }
        },
        "minecraft:guardian": {
            "trigger": "minecraft:player_killed_entity",
            "conditions": {
                "entity": [
                    {
                        "condition": "minecraft:entity_properties",
                        "entity": "this",
                        "predicate": {
                            "type": "minecraft:guardian"
                        }
                    }
                ]
            }
        },
        "minecraft:hoglin": {
            "trigger": "minecraft:player_killed_entity",
            "conditions": {
                "entity": [
                    {
                        "condition": "minecraft:entity_properties",
                        "entity": "this",
                        "predicate": {
                            "type": "minecraft:hoglin"
                        }
                    }
                ]
            }
        },
        "minecraft:husk": {
            "trigger": "minecraft:player_killed_entity",
            "conditions": {
                "entity": [
                    {
                        "condition": "minecraft:entity_properties",
                        "entity": "this",
                        "predicate": {
                            "type": "minecraft:husk"
                        }
                    }
                ]
            }
        },
        "minecraft:magma_cube": {
            "trigger": "minecraft:player_killed_entity",
            "conditions": {
                "entity": [
                    {
                        "condition": "minecraft:entity_properties",
                        "entity": "this",
                        "predicate": {
                            "type": "minecraft:magma_cube"
                        }
                    }
                ]
            }
        },
        "minecraft:phantom": {
            "trigger": "minecraft:player_killed_entity",
            "conditions": {
                "entity": [
                    {
                        "condition": "minecraft:entity_properties",
                        "entity": "this",
                        "predicate": {
                            "type": "minecraft:phantom"
                        }
                    }
                ]
            }
        },
        "minecraft:piglin": {
            "trigger": "minecraft:player_killed_entity",
            "conditions": {
                "entity": [
                    {
                        "condition": "minecraft:entity_properties",
                        "entity": "this",
                        "predicate": {
                            "type": "minecraft:piglin"
                        }
                    }
                ]
            }
        },
        "minecraft:piglin_brute": {
            "trigger": "minecraft:player_killed_entity",
            "conditions": {
                "entity": [
                    {
                        "condition": "minecraft:entity_properties",
                        "entity": "this",
                        "predicate": {
                            "type": "minecraft:piglin_brute"
                        }
                    }
                ]
            }
        },
        "minecraft:pillager": {
            "trigger": "minecraft:player_killed_entity",
            "conditions": {
                "entity": [
                    {
                        "condition": "minecraft:entity_properties",
                        "entity": "this",
                        "predicate": {
                            "type": "minecraft:pillager"
                        }
                    }
                ]
            }
        },
        "minecraft:ravager": {
            "trigger": "minecraft:player_killed_entity",
            "conditions": {
                "entity": [
                    {
                        "condition": "minecraft:entity_properties",
                        "entity": "this",
                        "predicate": {
                            "type": "minecraft:ravager"
                        }
                    }
                ]
            }
        },
        "minecraft:shulker": {
            "trigger": "minecraft:player_killed_entity",
            "conditions": {
                "entity": [
                    {
                        "condition": "minecraft:entity_properties",
                        "entity": "this",
                        "predicate": {
                            "type": "minecraft:shulker"
                        }
                    }
                ]
            }
        },
        "minecraft:silverfish": {
            "trigger": "minecraft:player_killed_entity",
            "conditions": {
                "entity": [
                    {
                        "condition": "minecraft:entity_properties",
                        "entity": "this",
                        "predicate": {
                            "type": "minecraft:silverfish"
                        }
                    }
                ]
            }
        },
        "minecraft:skeleton": {
            "trigger": "minecraft:player_killed_entity",
            "conditions": {
                "entity": [
                    {
                        "condition": "minecraft:entity_properties",
                        "entity": "this",
                        "predicate": {
                            "type": "minecraft:skeleton"
                        }
                    }
                ]
            }
        },
        "minecraft:slime": {
            "trigger": "minecraft:player_killed_entity",
            "conditions": {
                "entity": [
                    {
                        "condition": "minecraft:entity_properties",
                        "entity": "this",
                        "predicate": {
                            "type": "minecraft:slime"
                        }
                    }
                ]
            }
        },
        "minecraft:spider": {
            "trigger": "minecraft:player_killed_entity",
            "conditions": {
                "entity": [
                    {
                        "condition": "minecraft:entity_properties",
                        "entity": "this",
                        "predicate": {
                            "type": "minecraft:spider"
                        }
                    }
                ]
            }
        },
        "minecraft:stray": {
            "trigger": "minecraft:player_killed_entity",
            "conditions": {
                "entity": [
                    {
                        "condition": "minecraft:entity_properties",
                        "entity": "this",
                        "predicate": {
                            "type": "minecraft:stray"
                        }
                    }
                ]
            }
        },
        "minecraft:vex": {
            "trigger": "minecraft:player_killed_entity",
            "conditions": {
                "entity": [
                    {
                        "condition": "minecraft:entity_properties",
                        "entity": "this",
                        "predicate": {
                            "type": "minecraft:vex"
                        }
                    }
                ]
            }
        },
        "minecraft:vindicator": {
            "trigger": "minecraft:player_killed_entity",
            "conditions": {
                "entity": [
                    {
                        "condition": "minecraft:entity_properties",
                        "entity": "this",
                        "predicate": {
                            "type": "minecraft:vindicator"
                        }
                    }
                ]
            }
        },
        "minecraft:witch": {
            "trigger": "minecraft:player_killed_entity",
            "conditions": {
                "entity": [
                    {
                        "condition": "minecraft:entity_properties",
                        "entity": "this",
                        "predicate": {
                            "type": "minecraft:witch"
                        }
                    }
                ]
            }
        },
        "minecraft:wither": {
            "trigger": "minecraft:player_killed_entity",
            "conditions": {
                "entity": [
                    {
                        "condition": "minecraft:entity_properties",
                        "entity": "this",
                        "predicate": {
                            "type": "minecraft:wither"
                        }
                    }
                ]
            }
        },
        "minecraft:wither_skeleton": {
            "trigger": "minecraft:player_killed_entity",
            "conditions": {
                "entity": [
                    {
                        "condition": "minecraft:entity_properties",
                        "entity": "this",
                        "predicate": {
                            "type": "minecraft:wither_skeleton"
                        }
                    }
                ]
            }
        },
        "minecraft:zoglin": {
            "trigger": "minecraft:player_killed_entity",
            "conditions": {
                "entity": [
                    {
                        "condition": "minecraft:entity_properties",
                        "entity": "this",
                        "predicate": {
                            "type": "minecraft:zoglin"
                        }
                    }
                ]
            }
        },
        "minecraft:zombie": {
            "trigger": "minecraft:player_killed_entity",
            "conditions": {
                "entity": [
                    {
                        "condition": "minecraft:entity_properties",
                        "entity": "this",
                        "predicate": {
                            "type": "minecraft:zombie"
                        }
                    }
                ]
            }
        },
        "minecraft:zombie_villager": {
            "trigger": "minecraft:player_killed_entity",
            "conditions": {
                "entity": [
                    {
                        "condition": "minecraft:entity_properties",
                        "entity": "this",
                        "predicate": {
                            "type": "minecraft:zombie_villager"
                        }
                    }
                ]
            }
        },
        "minecraft:zombified_piglin": {
            "trigger": "minecraft:player_killed_entity",
            "conditions": {
                "entity": [
                    {
                        "condition": "minecraft:entity_properties",
                        "entity": "this",
                        "predicate": {
                            "type": "minecraft:zombified_piglin"
                        }
                    }
                ]
            }
        },
        "minecraft:player": {
            "trigger": "minecraft:player_killed_entity",
            "conditions": {
                "entity": [
                    {
                        "condition": "minecraft:entity_properties",
                        "entity": "this",
                        "predicate": {
                            "type": "minecraft:player"
                        }
                    }
                ]
            }
        }
    },
    "requirements": [
        [
            "minecraft:blaze",
            "minecraft:cave_spider",
            "minecraft:creeper",
            "minecraft:drowned",
            "minecraft:elder_guardian",
            "minecraft:ender_dragon",
            "minecraft:enderman",
            "minecraft:endermite",
            "minecraft:evoker",
            "minecraft:ghast",
            "minecraft:guardian",
            "minecraft:hoglin",
            "minecraft:husk",
            "minecraft:magma_cube",
            "minecraft:phantom",
            "minecraft:piglin",
            "minecraft:piglin_brute",
            "minecraft:pillager",
            "minecraft:ravager",
            "minecraft:shulker",
            "minecraft:silverfish",
            "minecraft:skeleton",
            "minecraft:slime",
            "minecraft:spider",
            "minecraft:stray",
            "minecraft:vex",
            "minecraft:vindicator",
            "minecraft:witch",
            "minecraft:wither_skeleton",
            "minecraft:wither",
            "minecraft:zoglin",
            "minecraft:zombie_villager",
            "minecraft:zombie",
            "minecraft:zombified_piglin",
            "minecraft:player"
        ]
    ],
    "rewards": {
        "function": "conk_uhc:items/melee/mystic/mystic_hold_check"
    }
}
