{
    "criteria": {
        "firebolt_shot": {
            "trigger": "minecraft:entity_hurt_player",
            "conditions": {
                "damage": {
                    "blocked": false,
                    "type": {
                        "tags": [
                            {
                                "id": "minecraft:is_projectile",
                                "expected": true
                            }
                        ],
                        "source_entity": {
                            "type": "minecraft:player"
                        },
                        "direct_entity": {
                            "type": "#minecraft:arrows",
                            "nbt": "{Tags:[\"firebolt\",\"fireboltExplodeCheck\",\"fireboltCanExplode\"]}"
                        }
                    }
                }
            }
        }
    },
    "rewards": {
        "function": "conk_uhc:items/ranged/firebolt/firebolt_explode"
    }
}
