{
  "criteria": {
    "prospectorhit": {
      "trigger": "minecraft:player_hurt_entity",
      "conditions": {
        "player": [
          {
            "condition": "minecraft:entity_properties",
            "entity": "this",
            "predicate": {
              "nbt": "{SelectedItem:{tag:{Prospector:1b}}}"
            }
          }
        ],
        "entity": [
          {
            "condition": "minecraft:entity_properties",
            "entity": "this",
            "predicate": {
              "type": "minecraft:player"
            }
          }
        ]
      }
    }
  },
  "rewards": {
    "function": "conk_uhc:items/melee/prospector/prospector"
  }
}
