{
    "criteria": {
      "wchestplate": {
        "trigger": "minecraft:player_hurt_entity",
        "conditions": {
          "damage": {
            "blocked": false
          },
          "entity": {
            "type": "minecraft:player",
            "nbt": "{Inventory:[{Slot:102b,id:\"minecraft:netherite_chestplate\",tag:{WitherChestplate:1b}}]}"
          }
        }
      }
    },
    "rewards": {
      "function": "conk_uhc:items/armor/wchestplate/wither_chestplate"
    }
}