{
    "type": "minecraft:entity",
    "pools": [
        {
            "rolls": 1,
            "bonus_rolls": 0,
            "entries": [
                {
                    "type": "minecraft:item",
                    "name": "minecraft:cod",
                    "functions": [
                        {
                            "function": "minecraft:set_nbt",
                            "tag": "{display:{Name:'{\"text\":\"Slap Fish\"}'},Enchantments:[{id:\"minecraft:sharpness\",lvl:3s}]}"
                        }
                    ]
                }
            ]
        }
    ]
}
