{
    "type": "minecraft:fishing",
    "pools": [
        {
            "rolls": 1,
            "bonus_rolls": 0,
            "entries": [
                {
                    "type": "minecraft:item",
                    "weight": 17,
                    "name": "minecraft:knowledge_book",
                    "functions": [
                        {
                            "function": "minecraft:set_nbt",
                            "tag": "{FishingCreature:1b}"
                        }
                    ]
                },
                {
                    "type": "minecraft:item",
                    "weight": 10,
                    "name": "minecraft:knowledge_book",
                    "functions": [
                        {
                            "function": "minecraft:set_nbt",
                            "tag": "{FishingCreature:2b}"
                        }
                    ]
                },
                {
                    "type": "minecraft:item",
                    "weight": 10,
                    "name": "minecraft:knowledge_book",
                    "functions": [
                        {
                            "function": "minecraft:set_nbt",
                            "tag": "{FishingCreature:3b}"
                        }
                    ]
                },
                {
                    "type": "minecraft:item",
                    "weight": 10,
                    "name": "minecraft:knowledge_book",
                    "functions": [
                        {
                            "function": "minecraft:set_nbt",
                            "tag": "{FishingCreature:4b}"
                        }
                    ]
                },
                {
                    "type": "minecraft:item",
                    "weight": 10,
                    "name": "minecraft:knowledge_book",
                    "functions": [
                        {
                            "function": "minecraft:set_nbt",
                            "tag": "{FishingCreature:5b}"
                        }
                    ]
                },
                {
                    "type": "minecraft:item",
                    "weight": 5,
                    "name": "minecraft:knowledge_book",
                    "functions": [
                        {
                            "function": "minecraft:set_nbt",
                            "tag": "{FishingCreature:6b}"
                        }
                    ]
                }
            ]
        }
    ],
    "random_sequence": "minecraft:gameplay/fishing/junk"
}
