{
  "type": "minecraft:entity",
  "pools": [
  	{
  	  "rolls": 1,
  	  "entries": [
  	    {
  	  	  "type": "item",
  	  	  "name": "minecraft:player_head",
          "functions": [
            {
              "function": "set_lore",
              "replace": true,
              "lore": [
                [
                  {"text":"§rKilled by §r§e"},
                  {"selector":"@s"}
                ]
              ],
              "entity": "killer_player"
            },
            {
              "function": "fill_player_head",
              "entity": "this"
            }
          ],
					"conditions": [
						{
							"condition": "killed_by_player"
						}
					]
  	    }
  	  ]
  	},
    {
      "rolls": 1,
      "entries": [
        {
          "type": "minecraft:item",
          "name": "minecraft:gold_nugget",
          "functions": [
            {
              "function": "minecraft:set_count",
              "count": {
                "type": "minecraft:uniform",
                "min": 10,
                "max": 25
              }
            }
          ]
        }
      ]
    }
  ]
}